district,state,flood_event_count,avg_flood_duration,max_flood_duration,median_flood_duration,std_flood_duration,total_area_affected,avg_area_affected,total_human_fatalities,total_human_injuries,total_human_displaced,total_animal_fatalities,severe_event_count,percent_flooded_area,permanent_water,corrected_percent_flooded_area,population,impact_mean_flood_duration,impact_human_fatalities,impact_human_injuries,dfsi,risk_class
Patna,BIHAR,58,10.206896551724139,85.0,3.0,15.163157821242837,0.0,,3367.0,51.0,0.0,1690.0,0.0,20.26981192,1.449192516,18.8206194,6868950.0,16.0,381.0,30.0,19.30056410404208,Very High
Murshidabad,WEST BENGAL,34,11.441176470588236,61.0,5.0,15.779140769460799,0.0,,2416.0,25.0,0.0,2275.0,0.0,11.63868869,1.234154397,10.40453429,8350690.0,23.0,435.0,9.0,18.910883771379428,Very High
Thane,MAHARASHTRA,94,2.4468085106382977,11.0,1.0,2.3261811488211945,0.0,,2101.0,473.0,0.0,29681.0,0.0,3.51519111,2.261563329,1.253627781,9950177.0,3.0,418.0,204.0,18.86178924193549,Very High
Guntur,ANDHRA PRADESH,32,8.3125,38.0,4.5,10.189930196981472,0.0,,1588.0,429.0,0.0,102189.0,0.0,10.2423074,0.999528068,9.242779332,5374652.0,8.0,188.0,108.0,18.83206907033492,Very High
North Twenty Four Pargan*,WEST BENGAL,0,,,,,,,,,,,,18.6648469,7.43925593,11.22559097,10544399.0,19.0,294.0,16.0,18.77053767455695,Very High
Nagpur,MAHARASHTRA,152,3.1184210526315788,31.0,2.0,3.8788511484892827,0.0,,1863.0,206.0,0.0,11359.0,0.0,1.535057736,1.136796464,0.398261272,5242373.0,3.0,689.0,78.0,18.687113593311008,Very High
Purba Medinipur,WEST BENGAL,37,2.135135135135135,9.0,1.0,2.187872662379323,0.0,,220.0,136.0,0.0,0.0,0.0,17.52355839,2.04670632,15.47685207,5760374.0,10.0,302.0,17.0,18.37042594956264,Very High
Lakhimpur,ASSAM,209,8.425837320574162,93.0,4.0,12.14873776255822,0.0,,2669.0,235.0,0.0,10937655.0,0.0,15.4979388,1.049242136,14.44869666,1161342.0,9.0,214.0,39.0,18.33746571265321,Very High
Gorakhpur,UTTAR PRADESH,46,11.282608695652174,89.0,7.0,17.148583412150355,0.0,,3246.0,52.0,0.0,5412.0,0.0,10.44474452,0.35299449,10.09175003,5059142.0,18.0,312.0,11.0,18.30257560143651,Very High
Purba Champaran,BIHAR,0,,,,,,,,,,,,9.508604013,0.12116348,9.387440533,6322257.0,19.0,184.0,20.0,18.29578760114369,Very High
Kota,RAJASTHAN,46,12.195652173913043,365.0,3.0,53.44347774995244,0.0,,1603.0,1065.0,1.0,284061.0,0.0,2.883610805,0.503964127,2.379646678,2286428.0,12.0,206.0,266.0,18.28899123555501,Very High
Muzaffarpur,BIHAR,46,13.326086956521738,85.0,8.5,16.001464304974764,0.0,,3291.0,117.0,0.0,790.0,0.0,11.95012947,0.19126057,11.7588689,6144680.0,19.0,201.0,18.0,18.28701590256185,Very High
Ballia,UTTAR PRADESH,44,10.090909090909092,89.0,7.0,16.236361979123426,0.0,,4098.0,47.0,0.0,5412.0,0.0,14.2259764,0.925904877,13.30007152,3696633.0,18.0,312.0,13.0,18.282412575936064,Very High
Maldah,WEST BENGAL,7,15.0,61.0,7.0,21.10292238845922,0.0,,413.0,0.0,0.0,104.0,0.0,11.77624381,2.419208171,9.357035639,4260890.0,11.0,221.0,53.0,18.258130027039368,Very High
Aurangabad,BIHAR,21,17.714285714285715,85.0,14.0,19.814496857459837,0.0,,2788.0,0.0,0.0,790.0,0.0,,,,,,,,18.177174992181182,Very High
Rajkot,GUJARAT,40,17.7,122.0,7.0,26.794756471350404,0.0,,3764.0,74.0,2.0,134743.0,0.0,0.801285355,0.493588848,0.307696507,3534875.0,18.0,1726.0,8.0,18.23927454775029,Very High
Cachar,ASSAM,147,7.571428571428571,93.0,1.0,13.27269315405294,0.0,,2045.0,208.0,13.0,7093475.0,0.0,9.573358688,0.339758463,9.233600225,2105643.0,8.0,194.0,33.0,18.140456924041366,Very High
Ahmadabad,GUJARAT,0,,,,,,,,,,,,4.222292965,0.122458085,4.09983488,8738876.0,12.0,177.0,23.0,18.117122356772818,Very High
Bahraich,UTTAR PRADESH,52,7.865384615384615,89.0,1.5,15.408208718978393,0.0,,2988.0,100.0,0.0,5516.0,0.0,4.089125081,0.40923834,3.679886741,4156731.0,15.0,225.0,32.0,18.077352963427945,Very High
Dibrugarh,ASSAM,150,10.0,93.0,5.0,13.710330206177241,0.0,,2353.0,240.0,4.0,9849601.0,0.0,14.95295738,3.039084044,11.91387334,1510242.0,10.0,147.0,47.0,18.06823270299057,Very High
Prayagraj,UTTAR PRADESH,40,10.0,89.0,3.0,17.76628902278204,0.0,,3467.0,47.0,0.0,4464.0,0.0,8.8123858,0.784955122,8.027430678,7094453.0,18.0,277.0,5.0,18.06694088316479,Very High
Chamoli,UTTARAKHAND,24,1.7083333333333333,7.0,1.0,1.545798419465872,0.0,,5293.0,96.0,215.0,1161.0,0.0,1.044647093,0.05612071,0.988526383,426828.0,4.0,1546.0,75.0,18.05798993917151,Very High
Darjiling,WEST BENGAL,0,,,,,,,,,,,,2.014600116,0.096238867,1.918361249,1849559.0,11.0,548.0,63.0,18.01898148587533,Very High
Jalpaiguri,WEST BENGAL,43,8.86046511627907,61.0,3.0,13.639196658630661,0.0,,1490.0,27.0,0.0,50511.0,0.0,4.914165317,0.3463879,4.567777417,2766173.0,17.0,366.0,20.0,18.00303602720487,Very High
Azamgarh,UTTAR PRADESH,34,12.058823529411764,89.0,7.0,18.61075149748789,0.0,,3171.0,52.0,0.0,4847.0,0.0,6.067454778,0.055490347,6.011964431,5177742.0,20.0,257.0,11.0,17.951289130056143,Very High
Pashchim Champaran,BIHAR,47,14.319148936170214,85.0,7.0,15.759202119201898,0.0,,3344.0,111.0,0.0,790.0,0.0,6.581510908,0.22060865,6.360902258,4925046.0,20.0,194.0,11.0,17.92933849820152,Very High
Amravati,MAHARASHTRA,77,4.311688311688312,31.0,2.0,5.115147114877076,0.0,,1625.0,139.0,1.0,7913.0,0.0,1.132570579,0.452234552,0.680336027,3195039.0,5.0,430.0,34.0,17.907707348841942,Very High
Medinipur West,WEST BENGAL,0,,,,,,,,,,,,7.838525951,0.025978003,7.812547948,5510554.0,10.0,294.0,10.0,17.869045637008952,Very High
Samastipur,BIHAR,43,14.046511627906977,85.0,7.0,16.341523925515478,0.0,,3141.0,100.0,0.0,1316.0,0.0,14.7707354,0.395790839,14.37494456,5463227.0,21.0,152.0,10.0,17.76199430185416,Very High
Darbhanga,BIHAR,51,12.333333333333334,85.0,7.0,15.179811153853876,0.0,,3385.0,30.0,0.0,790.0,0.0,10.08119281,0.024744941,10.05644787,4562640.0,18.0,207.0,9.0,17.744619139380248,Very High
Alappuzha,KERALA,110,5.045454545454546,34.0,3.0,5.333615679209673,0.0,,1338.0,534.0,9.0,847210.0,0.0,21.06652893,8.660110439,12.40641849,2167462.0,5.0,170.0,70.0,17.725461969849633,Very High
Surat,GUJARAT,46,11.23913043478261,122.0,6.5,19.482396364819756,0.0,,2045.0,50.0,2.0,28358.0,0.0,5.928437334,0.593664003,5.334773331,8228098.0,11.0,215.0,9.0,17.686867251651705,Very High
Kachchh,GUJARAT,30,24.1,122.0,21.0,29.457567378554344,0.0,,1732.0,88.0,2.0,33931.0,0.0,12.67467755,9.585998161,3.088679389,2654359.0,24.0,123.0,10.0,17.66899887709203,Very High
Shimla,HIMACHAL PRADESH,111,3.828828828828829,99.0,2.0,10.242401950069999,0.0,,1128.0,256.0,7.0,18402.0,0.0,0.771392749,0.035574686,0.735818063,904737.0,4.0,355.0,172.0,17.6226469397165,Very High
Bhagalpur,BIHAR,40,13.8,85.0,7.0,16.489623777020878,0.0,,3171.0,110.0,0.0,8471.0,0.0,16.20260487,2.47274559,13.72985928,3509828.0,20.0,161.0,12.0,17.604486494190635,Very High
Madhubani,BIHAR,50,13.38,85.0,7.0,16.04316880501238,0.0,,3388.0,104.0,0.0,755.0,0.0,3.784620529,0.037751436,3.746869093,5126077.0,19.0,216.0,10.0,17.604319048943815,Very High
Raigarh,CHHATTISGARH,5,4.4,14.0,2.0,5.412947441089743,0.0,,54.0,10.0,0.0,162.0,0.0,,,,,,,,17.43633588862505,Very High
Bharuch,GUJARAT,49,14.306122448979592,122.0,7.0,24.41840501345984,0.0,,2113.0,119.0,2.0,18676.0,0.0,3.432850261,1.612396534,1.820453727,1704669.0,14.0,233.0,56.0,17.568946762319865,Very High
Nanded,MAHARASHTRA,63,3.4126984126984126,21.0,2.0,3.648397441541842,0.0,,2530.0,132.0,0.0,41128.0,0.0,1.586913636,0.436541633,1.150372003,3861544.0,4.0,262.0,34.0,17.5598713904459,Very High
Hamirpur,UTTAR PRADESH,26,9.653846153846153,89.0,4.0,17.542958262943703,0.0,,2173.0,44.0,0.0,4459.0,0.0,,,,,,,,17.33880877837924,Very High
Nadia,WEST BENGAL,26,11.884615384615385,61.0,5.0,16.54406702858018,0.0,,2204.0,17.0,0.0,997.0,0.0,10.67147424,0.744726558,9.926747682,5440236.0,24.0,230.0,3.0,17.534500094496988,Very High
Dhemaji,ASSAM,197,8.284263959390863,93.0,3.0,11.799792720912537,0.0,,2304.0,216.0,0.0,11017414.0,0.0,10.8217802,1.436232391,9.385547809,702202.0,9.0,162.0,35.0,17.531994905456393,Very High
Pune,MAHARASHTRA,136,2.301470588235294,14.0,1.0,2.3136306339257464,0.0,,2915.0,269.0,12.0,53031.0,0.0,1.079353461,1.091416421,0.01206296,11979873.0,2.0,547.0,119.0,17.524811977180292,Very High
Kamrup,ASSAM,175,8.062857142857142,93.0,1.0,12.87970616397281,0.0,,2360.0,69.0,3.0,10617802.0,0.0,10.03897902,1.476174408,8.562804612,1546068.0,8.0,181.0,13.0,17.51092316732499,Very High
Sitapur,UTTAR PRADESH,53,5.415094339622642,89.0,1.0,13.09203216620433,0.0,,2430.0,52.0,0.0,5120.0,0.0,3.400453125,0.025174919,3.375278206,5391584.0,13.0,177.0,11.0,17.504226814413553,Very High
Deoria,UTTAR PRADESH,38,11.236842105263158,89.0,6.5,17.84230352739199,0.0,,2874.0,40.0,0.0,5428.0,0.0,7.998150162,0.303328624,7.694821538,3288259.0,19.0,211.0,11.0,17.491668267861357,Very High
Kheri,UTTAR PRADESH,43,7.790697674418604,89.0,1.0,15.13677033479493,0.0,,2493.0,26.0,0.0,4741.0,0.0,7.086100462,0.145950617,6.940149845,4820329.0,16.0,146.0,6.0,17.48620569437293,Very High
Hooghly,WEST BENGAL,30,7.466666666666667,38.0,3.5,9.971453507762611,0.0,,1631.0,56.0,0.0,1856.0,0.0,9.728119034,0.332437756,9.395681278,5689338.0,10.0,175.0,18.0,17.48618759234521,Very High
Agra,UTTAR PRADESH,24,9.208333333333334,89.0,1.0,18.4743751242602,0.0,,2131.0,120.0,0.0,4407.0,0.0,4.133356464,0.10192976,4.031426704,5296620.0,20.0,133.0,32.0,17.46347311350804,Very High
Ganjam,ODISHA,29,13.137931034482758,31.0,7.0,12.117649872134667,0.0,,2193.0,6.0,0.0,50749.0,0.0,3.782362954,1.187000815,2.595362139,3912072.0,23.0,391.0,2.0,17.46172971322325,Very High
Cuttack,ODISHA,50,10.28,31.0,6.0,10.821445073066155,0.0,,2265.0,6.0,0.0,84282.0,0.0,13.14840204,1.638891263,11.50951078,2887779.0,16.0,285.0,2.0,17.44880793951162,Very High
Begusarai,BIHAR,36,15.277777777777779,85.0,9.0,17.87833662942167,0.0,,3012.0,100.0,0.0,816.0,0.0,21.87259266,1.072873296,20.79971936,3830215.0,22.0,126.0,10.0,17.41078092869951,Very High
Katihar,BIHAR,49,13.73469387755102,85.0,7.0,15.796591813589728,0.0,,3473.0,10.0,0.0,6771.0,0.0,13.34677951,1.934686307,11.4120932,3735857.0,20.0,221.0,2.0,17.361725993584006,Very High
Thiruvananthapuram,KERALA,229,3.7510917030567685,34.0,2.0,4.550309526330413,0.0,,1607.0,536.0,52.0,860713.0,0.0,0.884604088,0.648894373,0.235709715,3288743.0,4.0,276.0,149.0,17.350365322366642,Very High
Bankura,WEST BENGAL,11,18.363636363636363,61.0,11.0,18.435144302514843,0.0,,1794.0,26.0,0.0,590.0,0.0,1.837666654,0.435897763,1.401768891,3957405.0,35.0,203.0,26.0,17.31955291994364,Very High
Baleshwar,ODISHA,46,8.565217391304348,31.0,5.0,9.914416380902763,0.0,,1835.0,9.0,0.0,53488.0,0.0,12.64357177,3.878298705,8.765273065,2513933.0,16.0,220.0,5.0,17.31748221832247,Very High
Malappuram,KERALA,94,5.074468085106383,34.0,4.0,5.702742901073543,0.0,,1309.0,437.0,40.0,847210.0,0.0,1.938819937,0.260316709,1.678503228,4458146.0,5.0,161.0,50.0,17.302052893954528,Very High
Sawai Madhopur,RAJASTHAN,20,23.45,365.0,5.0,80.50791069336309,0.0,,1015.0,1043.0,0.0,208772.0,0.0,1.752297609,0.2640657,1.488231909,1511281.0,22.0,121.0,254.0,17.29473115217755,Very High
Nagaon,ASSAM,173,8.00578034682081,93.0,1.0,12.551983587255352,0.0,,2123.0,66.0,3.0,10763912.0,0.0,13.62634202,0.20685283,13.41948919,2348489.0,8.0,144.0,5.0,17.238952599430498,Very High
Kurnool,ANDHRA PRADESH,33,7.0,31.0,4.0,8.276472678623424,0.0,,1354.0,435.0,0.0,95804.0,0.0,0.793739864,0.504632198,0.289107666,4618046.0,7.0,161.0,108.0,17.238126513748753,Very High
Basti,UTTAR PRADESH,38,11.105263157894736,89.0,7.0,17.817072701726453,0.0,,2639.0,29.0,0.0,5655.0,0.0,4.958766648,0.322726847,4.636039801,2718480.0,19.0,188.0,14.0,17.214701565903344,Very High
Varanasi,UTTAR PRADESH,40,10.4,89.0,5.0,17.706727679845454,0.0,,3860.0,39.0,0.0,4499.0,0.0,4.599652222,0.883647796,3.716004426,4311285.0,18.0,363.0,5.0,17.20928123007672,Very High
Visakhapatnam,ANDHRA PRADESH,25,9.88,62.0,5.0,14.248742634585925,0.0,,1029.0,442.0,0.0,90775.0,0.0,1.175590784,0.439675977,0.735914807,4885485.0,10.0,106.0,115.0,17.206748814948707,Very High
Thrissur,KERALA,88,5.125,34.0,3.5,5.634076329972289,0.0,,1204.0,408.0,51.0,847510.0,0.0,5.136358427,0.761485485,4.374872942,3305535.0,5.0,124.0,43.0,17.200701537959194,Very High
Bara Banki,UTTAR PRADESH,54,5.648148148148148,89.0,1.0,12.936940537399252,0.0,,2700.0,51.0,0.0,5181.0,0.0,3.016814521,0.151297728,2.865516793,3807867.0,13.0,202.0,10.0,17.20010241203816,Very High
Karimganj,ASSAM,101,10.178217821782178,93.0,1.0,15.254111602845942,0.0,,1851.0,67.0,0.0,3585768.0,0.0,22.54591712,0.019195636,22.52672148,1393118.0,11.0,116.0,14.0,17.19490183397846,Very High
Tinsukia,ASSAM,73,12.205479452054794,93.0,7.0,15.668403187545582,0.0,,1846.0,231.0,0.0,8977177.0,0.0,6.140689939,1.259207522,4.881482417,1408250.0,13.0,105.0,45.0,17.191385633985888,Very High
Kottayam,KERALA,99,4.777777777777778,34.0,3.0,5.494998756857773,0.0,,1318.0,486.0,25.0,847210.0,0.0,3.699266664,2.178531176,1.520735488,2015065.0,5.0,200.0,90.0,17.17757331913893,Very High
Pratapgarh,UTTAR PRADESH,30,10.166666666666666,89.0,1.0,19.431725451513266,0.0,,2455.0,27.0,0.0,5089.0,0.0,,,,,,,,16.89803810454559,Very High
Saran,BIHAR,37,14.81081081081081,85.0,11.0,16.661395562860335,0.0,,2943.0,10.0,0.0,802.0,0.0,13.6847545,1.299936265,12.38481824,4674827.0,22.0,177.0,2.0,17.163889217193876,Very High
Kolhapur,MAHARASHTRA,51,3.2549019607843137,14.0,2.0,2.7917244653074342,0.0,,2444.0,136.0,12.0,41611.0,0.0,1.531674907,0.739128811,0.792546096,3952672.0,4.0,258.0,32.0,17.133566360241808,Very High
Bharatpur,RAJASTHAN,25,3.72,17.0,3.0,3.646002377033417,0.0,,548.0,1003.0,0.0,9699.0,0.0,2.342300583,0.003684995,2.338615588,2952552.0,5.0,98.0,252.0,17.131242714643918,Very High
Supaul,BIHAR,32,14.0,85.0,9.5,17.41152751261591,0.0,,3094.0,104.0,0.0,755.0,0.0,7.982821848,0.634587242,7.348234606,2904278.0,22.0,162.0,10.0,17.111278582391943,Very High
Kannur,KERALA,88,4.818181818181818,34.0,3.0,5.720592876889065,0.0,,1206.0,424.0,49.0,847209.0,0.0,3.447996641,1.090489394,2.357507247,2666656.0,5.0,153.0,53.0,17.10860522742122,Very High
Barpeta,ASSAM,160,8.90625,93.0,2.0,13.100384974419164,0.0,,2332.0,67.0,0.0,10697543.0,0.0,13.96647843,3.478605956,10.48787247,1877307.0,9.0,159.0,5.0,17.072155278812332,Very High
Khagaria,BIHAR,38,16.31578947368421,85.0,11.5,16.744672832838663,0.0,,3211.0,100.0,0.0,3332.0,0.0,12.48011269,0.872843213,11.60726948,2060105.0,23.0,166.0,10.0,17.067464382639127,Very High
Etawah,UTTAR PRADESH,32,8.3125,89.0,2.0,16.131390956565042,0.0,,2387.0,46.0,0.0,4468.0,0.0,8.738456012,0.23711024,8.501345772,1845391.0,18.0,184.0,13.0,17.067086494018813,Very High
Jammu,JAMMU & KASHMIR,1,1.0,1.0,1.0,,0.0,,6.0,3.0,0.0,0.0,0.0,2.064462057,0.475037449,1.589424608,1766664.0,5.0,274.0,80.0,17.046325534618752,Very High
Cooch Behar,WEST BENGAL,33,7.696969696969697,61.0,3.0,12.08171358004745,0.0,,1187.0,5.0,0.0,50511.0,0.0,7.872524259,0.371070198,7.501454061,3286533.0,8.0,337.0,3.0,17.04587802487752,Very High
Saharanpur,UTTAR PRADESH,21,11.428571428571429,89.0,3.0,19.673767886633787,0.0,,2928.0,32.0,3.0,7883.0,0.0,2.705190205,0.020060771,2.685129434,4096003.0,23.0,215.0,9.0,17.04140679871483,Very High
Ratnagiri,MAHARASHTRA,62,2.661290322580645,17.0,1.5,2.76360152513724,0.0,,2154.0,179.0,5.0,31119.0,0.0,1.554240455,0.978975411,0.575265044,1532470.0,3.0,280.0,72.0,17.025442396530302,Very High
East Godavari,ANDHRA PRADESH,37,9.054054054054054,62.0,5.0,12.543138775056677,0.0,,1906.0,7.0,4.0,90716.0,0.0,6.191781457,2.48908494,3.702696517,5569277.0,9.0,222.0,1.0,17.021823993758144,Very High
Saharsa,BIHAR,39,17.256410256410255,85.0,14.0,16.346121298689518,0.0,,3159.0,30.0,0.0,755.0,0.0,8.841447371,0.644150281,8.19729709,2422652.0,23.0,167.0,9.0,17.01851798654835,Very High
Thanjavur,TAMIL NADU,36,9.305555555555555,119.0,4.0,19.633527365845314,0.0,,1256.0,231.0,0.0,4075.0,0.0,6.402076626,0.139785443,6.262291183,2499232.0,9.0,144.0,22.0,16.98285416233113,Very High
Meerut,UTTAR PRADESH,25,11.36,89.0,7.0,18.60752535938081,0.0,,3773.0,55.0,0.0,8215.0,0.0,3.284379909,0.007909836,3.276470073,3877321.0,21.0,213.0,10.0,16.977844683490805,Very High
Howrah,WEST BENGAL,28,6.321428571428571,38.0,2.0,9.498746784507443,0.0,,1554.0,22.0,0.0,590.0,0.0,22.79593904,3.23081923,19.56511981,4370011.0,9.0,170.0,8.0,16.963762846672328,Very High
Pithoragarh,UTTARAKHAND,14,1.7142857142857142,5.0,1.0,1.3259870882635918,0.0,,5190.0,34.0,15.0,1149.0,0.0,0.525534276,0.108953862,0.416580414,510103.0,3.0,1636.0,21.0,16.95882245057062,Very High
Junagadh,GUJARAT,51,16.098039215686274,122.0,7.0,24.365758680542484,0.0,,2587.0,77.0,2.0,134743.0,0.0,1.288798667,0.096341257,1.19245741,1644700.0,16.0,272.0,12.0,16.930629004549242,Very High
Gonda,UTTAR PRADESH,52,8.365384615384615,89.0,1.0,16.09533953513039,0.0,,2653.0,22.0,0.0,5100.0,0.0,2.9367264,0.067902889,2.868823511,4066976.0,15.0,196.0,4.0,16.927312735081465,Very High
Jaipur,RAJASTHAN,40,11.85,365.0,2.0,57.31449451972233,0.0,,522.0,56.0,0.0,890.0,0.0,0.300794996,0.001876113,0.298918883,8193632.0,12.0,190.0,14.0,16.921200252666964,Very High
Sonitpur,ASSAM,156,8.705128205128204,93.0,3.0,13.153789076925003,0.0,,2178.0,75.0,0.0,7207424.0,0.0,7.745899654,2.549489328,5.196410326,1462078.0,9.0,144.0,8.0,16.918268535297507,Very High
Sivasagar,ASSAM,123,11.56910569105691,93.0,7.0,14.70869114147466,0.0,,2047.0,69.0,0.0,10108175.0,0.0,17.15000888,0.611686093,16.53832279,800874.0,12.0,117.0,15.0,16.918155167420082,Very High
Uttarkashi,UTTARAKHAND,0,,,,,,,,,,,,0.450692495,0.082932117,0.367760378,410687.0,5.0,1373.0,25.0,16.914467976234626,Very High
Parbhani,MAHARASHTRA,49,4.163265306122449,21.0,3.0,3.9546751803799167,0.0,,2489.0,118.0,0.0,41361.0,0.0,3.612234955,0.631474073,2.980760882,2068053.0,4.0,230.0,15.0,16.906483978740717,Very High
Ernakulam,KERALA,81,4.777777777777778,34.0,3.0,5.956089321022645,0.0,,1097.0,451.0,49.0,847209.0,0.0,5.103357738,3.843019755,1.260337983,3428525.0,5.0,136.0,61.0,16.88354555320735,Very High
Kullu,HIMACHAL PRADESH,95,3.863157894736842,99.0,2.0,11.012189113457357,0.0,,965.0,283.0,9.0,18100.0,0.0,0.26843604,0.052025107,0.216410933,460044.0,4.0,371.0,205.0,16.874404330835112,Very High
Lucknow,UTTAR PRADESH,36,8.527777777777779,89.0,2.0,16.546879051628025,0.0,,2367.0,30.0,0.0,4492.0,0.0,1.996226278,0.00696436,1.989261918,5804005.0,17.0,175.0,10.0,16.858658560379418,Very High
Faizabad,UTTAR PRADESH,0,,,,,,,,,,,,4.054677701,0.247188018,3.807489683,3092832.0,18.0,207.0,5.0,16.85165548633664,Very High
Kozhikode,KERALA,110,4.263636363636364,34.0,3.0,5.127148952421505,0.0,,1340.0,406.0,49.0,854210.0,0.0,1.40055533,0.599372106,0.801183224,3349063.0,5.0,181.0,45.0,16.80782668073376,Very High
Goalpara,ASSAM,135,9.97037037037037,93.0,5.0,13.635413036199976,0.0,,2228.0,63.0,0.0,10177575.0,0.0,15.877175,3.270135105,12.6070399,1063871.0,10.0,158.0,5.0,16.805708109763213,Very High
Jorhat,ASSAM,131,12.67175572519084,93.0,7.0,13.965585585283229,0.0,,2601.0,65.0,0.0,10798935.0,0.0,7.736947443,1.082349707,6.654597736,1037431.0,13.0,205.0,4.0,16.78312101435033,Very High
Rudraprayag,UTTARAKHAND,0,,,,,,,,,,,,1.443384607,0.040330005,1.403054602,248925.0,2.0,1324.0,79.0,16.76850435872075,Very High
Gopalganj,BIHAR,33,16.727272727272727,85.0,14.0,17.796194690285486,0.0,,2907.0,100.0,0.0,755.0,0.0,5.900053501,0.432458286,5.467595215,2913408.0,24.0,129.0,10.0,16.76771702942539,Very High
Raichur,KARNATAKA,56,7.928571428571429,31.0,3.0,10.043282952677002,0.0,,1499.0,172.0,0.0,9310.0,0.0,1.42584206,0.565825072,0.860016988,2140588.0,8.0,141.0,34.0,16.75793281018545,Very High
Patiala,PUNJAB,49,4.755102040816326,38.0,2.0,7.110821015199585,0.0,,589.0,88.0,0.0,6601.0,0.0,4.903037722,0.000974475,4.902063247,2269761.0,5.0,80.0,74.0,16.73168616422408,Very High
Palakkad,KERALA,67,5.3283582089552235,34.0,3.0,6.337450160467447,0.0,,1091.0,375.0,40.0,854210.0,0.0,2.435607291,0.550109826,1.885497465,3024581.0,6.0,104.0,38.0,16.724680975555888,Very High
Vaishali,BIHAR,31,14.741935483870968,85.0,7.0,17.766950107686803,0.0,,2866.0,10.0,0.0,828.0,0.0,17.98113124,1.112916504,16.86821474,4598311.0,23.0,111.0,2.0,16.699429152017437,Very High
Ballari,KARNATAKA,56,8.267857142857142,31.0,3.5,10.340548730698389,0.0,,1517.0,152.0,0.0,11866.0,0.0,1.132672375,0.584051989,0.548620386,2961339.0,8.0,147.0,30.0,16.687776013211217,Very High
Jodhpur,RAJASTHAN,38,12.868421052631579,365.0,2.0,58.746441434552686,0.0,,1416.0,60.0,0.0,275616.0,0.0,0.356570143,0.004713804,0.351856339,4624883.0,13.0,154.0,9.0,16.68515856127328,Very High
Uttara Kannada,KARNATAKA,0,,,,,,,,,,,,4.074727101,1.655079328,2.419647773,1597345.0,7.0,102.0,19.0,16.67968267591538,Very High
Jaunpur,UTTAR PRADESH,30,9.5,89.0,1.0,19.39027484644531,0.0,,2460.0,23.0,0.0,4517.0,0.0,4.255610411,0.012266083,4.243344328,4985265.0,19.0,200.0,1.0,16.67693934713436,Very High
Dakshina Kannada,KARNATAKA,71,7.422535211267606,31.0,4.0,9.346751875584506,0.0,,896.0,148.0,50.0,9316.0,0.0,1.44861205,0.422123179,1.026488871,2388502.0,8.0,117.0,41.0,16.67252490434371,Very High
Balaghat,MADHYA PRADESH,18,5.055555555555555,14.0,3.0,4.770894875020486,0.0,,223.0,108.0,0.0,2000.0,0.0,1.159502036,0.086946009,1.072556027,1884118.0,6.0,118.0,108.0,16.630218636838876,Very High
Chennai,TAMIL NADU,57,8.491228070175438,186.0,3.0,24.525586353131544,0.0,,1311.0,203.0,0.0,4536.0,0.0,4.645634657,1.072848464,3.572786193,5558758.0,8.0,238.0,21.0,16.62215635244921,Very High
Birbhum,WEST BENGAL,17,15.882352941176471,61.0,5.0,20.211019126151136,0.0,,1807.0,3.0,0.0,785.0,0.0,4.557102699,0.073826304,4.483276395,4082552.0,31.0,186.0,1.0,16.588413943958574,Very High
Sitamarhi,BIHAR,43,13.55813953488372,85.0,7.0,16.28511199368101,0.0,,3235.0,7.0,0.0,755.0,0.0,4.621194206,0.001510558,4.619683648,4182895.0,20.0,196.0,1.0,16.54083412285714,Very High
Chandrapur,MAHARASHTRA,61,4.295081967213115,31.0,2.0,5.339613788452875,0.0,,1064.0,134.0,0.0,5980.0,0.0,1.760192182,0.535308039,1.224884143,2348545.0,5.0,114.0,20.0,16.530213646482306,Very High
Tiruchirappalli,TAMIL NADU,29,5.517241379310345,23.0,3.0,5.895644213286209,0.0,,982.0,235.0,0.0,4122.0,0.0,2.799798931,0.030082563,2.769716368,3072981.0,6.0,85.0,53.0,16.507546354019137,Very High
Golaghat,ASSAM,127,8.456692913385826,93.0,1.0,13.45053011613109,0.0,,1826.0,67.0,0.0,10374750.0,0.0,13.18454925,1.593594635,11.59095462,1310870.0,9.0,83.0,5.0,16.50027274094674,Very High
Aligarh,UTTAR PRADESH,16,11.25,89.0,2.5,21.910423698930757,0.0,,1666.0,45.0,0.0,4059.0,0.0,1.93292949,0.006094499,1.926834991,4376425.0,24.0,97.0,22.0,16.49352826124584,Very High
Darrang,ASSAM,151,8.973509933774835,93.0,3.0,12.704302168880988,0.0,,2275.0,61.0,2.0,10368765.0,0.0,15.62408864,3.822695958,11.80139268,1126535.0,9.0,150.0,3.0,16.49301020590384,Very High
Sindhudurg,MAHARASHTRA,51,3.235294117647059,17.0,2.0,3.0697767690444047,0.0,,1241.0,236.0,8.0,17705.0,0.0,1.40862314,0.632545644,0.776077496,808570.0,4.0,190.0,103.0,16.48929416640429,Very High
Bareilly,UTTAR PRADESH,28,8.464285714285714,89.0,2.0,17.069535659151587,0.0,,2086.0,31.0,0.0,4857.0,0.0,4.170101962,0.0,4.170101962,5352228.0,19.0,85.0,7.0,16.485703008265663,Very High
Jalaun,UTTAR PRADESH,20,10.25,89.0,4.0,19.633148660257973,0.0,,2713.0,67.0,0.0,3958.0,0.0,5.196857221,0.392709551,4.80414767,1897451.0,22.0,145.0,6.0,16.4785904772343,Very High
Solapur,MAHARASHTRA,34,2.735294117647059,10.0,1.0,2.4409241112607423,0.0,,544.0,69.0,8.0,2593.0,0.0,1.684216461,0.761165008,0.923051453,4817374.0,3.0,161.0,11.0,16.464257131913666,Very High
Bikaner,RAJASTHAN,31,14.516129032258064,365.0,2.0,65.09012775515805,0.0,,400.0,106.0,0.0,6324.0,0.0,0.693208661,0.008307225,0.684901436,3124233.0,14.0,61.0,23.0,16.457523131899894,Very High
Aurangabad,MAHARASHTRA,54,4.166666666666667,21.0,3.0,3.9561273230555174,0.0,,2012.0,168.0,0.0,26920.0,0.0,,,,,,,,16.375516553489632,Very High
Munger,BIHAR,37,14.243243243243244,85.0,7.0,16.773665546202352,0.0,,2962.0,12.0,0.0,7159.0,0.0,15.77841256,2.040092021,13.73832054,1690301.0,22.0,134.0,4.0,16.453027127776114,Very High
Muzaffarnagar,UTTAR PRADESH,26,11.153846153846153,89.0,3.5,18.347081092516724,0.0,,2277.0,59.0,0.0,7814.0,0.0,1.484914141,0.003804991,1.48110915,3353539.0,21.0,146.0,13.0,16.43435970342118,Very High
Ghazipur,UTTAR PRADESH,1,7.0,7.0,7.0,,0.0,,145.0,0.0,0.0,0.0,0.0,9.244698358,0.864783267,8.379915091,4171506.0,20.0,97.0,3.0,16.433974169994748,Very High
Dhubri,ASSAM,118,11.440677966101696,93.0,7.0,14.653573627250585,0.0,,2276.0,60.0,1.0,10024826.0,0.0,11.79092943,2.559481456,9.231447974,1376422.0,12.0,141.0,3.0,16.416419374958934,Very High
West Godavari,ANDHRA PRADESH,39,7.948717948717949,38.0,6.0,9.400304356631276,0.0,,1976.0,6.0,0.0,95181.0,0.0,5.603589524,2.064339191,3.539250333,4167944.0,8.0,232.0,0.0,16.38794981720737,Very High
Barmer,RAJASTHAN,19,22.63157894736842,365.0,3.0,82.9472459701652,0.0,,689.0,18.0,0.0,80686.0,0.0,0.88895207,0.014956261,0.873995809,3345308.0,20.0,85.0,8.0,16.36665709469927,Very High
Mathura,UTTAR PRADESH,19,10.842105263157896,89.0,2.0,20.366811668591126,0.0,,1901.0,45.0,0.0,4421.0,0.0,4.807455013,0.0,4.807455013,3064227.0,23.0,115.0,5.0,16.360129491585603,Very High
Purnia,BIHAR,35,13.485714285714286,85.0,7.0,16.66516519847424,0.0,,3163.0,0.0,0.0,2771.0,0.0,6.353941784,0.033127573,6.320814211,4127576.0,21.0,166.0,0.0,16.341519369758835,Very High
Dehradun,UTTARAKHAND,17,2.1176470588235294,14.0,1.0,3.1401105263425135,0.0,,136.0,10.0,14.0,85.0,0.0,1.565549733,0.084799737,1.480749996,2132260.0,6.0,232.0,17.0,16.331394182480402,Very High
Nawada,BIHAR,25,15.72,85.0,12.0,18.718351066978805,0.0,,2790.0,47.0,0.0,1755.0,0.0,1.840779083,0.079535975,1.761243108,2765346.0,25.0,98.0,23.0,16.329761098405058,Very High
Bid,MAHARASHTRA,0,,,,,,,,,,,,0.847814579,0.573485427,0.274329152,3032850.0,4.0,242.0,15.0,16.327195488559887,Very High
Amritsar,PUNJAB,45,6.177777777777778,38.0,2.0,9.494708786976826,0.0,,738.0,33.0,0.0,7117.0,0.0,2.592469047,0.034259992,2.558209055,2748187.0,7.0,117.0,21.0,16.326198333448385,Very High
Balrampur,UTTAR PRADESH,23,9.217391304347826,89.0,1.0,18.7542880472201,0.0,,1722.0,69.0,0.0,4000.0,0.0,,,,,,,,16.034595140444097,Very High
Kalaburagi,KARNATAKA,51,7.568627450980392,31.0,4.0,9.810718428251386,0.0,,1418.0,93.0,0.0,11928.0,0.0,1.1108725,0.548079914,0.562792586,2925453.0,8.0,112.0,16.0,16.27130403580589,Very High
Hardoi,UTTAR PRADESH,32,6.25,89.0,1.0,16.094479117527108,0.0,,1928.0,19.0,0.0,3964.0,0.0,4.375049349,0.028511914,4.346537435,4789431.0,16.0,77.0,3.0,16.246358522053228,Very High
Dakshin Dinajpur,WEST BENGAL,29,13.241379310344827,61.0,7.0,15.911934362999796,0.0,,1067.0,8.0,0.0,1691.0,0.0,3.854366613,0.005980479,3.848386134,1838248.0,24.0,190.0,3.0,16.243608173190268,Very High
Unnao,UTTAR PRADESH,31,7.32258064516129,89.0,1.0,16.442601369155255,0.0,,2040.0,28.0,0.0,4517.0,0.0,3.590127624,0.07773585,3.512391774,3601532.0,18.0,97.0,4.0,16.230177745178764,Very High
Raigarh,MAHARASHTRA,39,2.923076923076923,10.0,2.0,2.442869488129153,0.0,,2189.0,169.0,93.0,41108.0,0.0,,,,,,,,16.071921038824858,Very High
Jalgaon,MAHARASHTRA,44,2.5681818181818183,10.0,1.0,2.415047086764488,0.0,,604.0,75.0,0.0,2602.0,0.0,1.523114248,0.504330321,1.018783927,4760079.0,3.0,75.0,26.0,16.203766218047182,Very High
Moradabad,UTTAR PRADESH,21,10.428571428571429,89.0,2.0,19.38445621773133,0.0,,2945.0,0.0,0.0,4807.0,0.0,3.838687956,0.0,3.838687956,3696840.0,22.0,200.0,1.0,16.170468649462784,Very High
Nalanda,BIHAR,31,15.35483870967742,85.0,7.0,18.026921325426542,0.0,,2919.0,4.0,0.0,755.0,0.0,17.26579914,0.017069197,17.24872994,3649192.0,23.0,108.0,0.0,16.16893638177635,Very High
Bulandshahr,UTTAR PRADESH,18,12.722222222222221,89.0,4.0,21.006457146079285,0.0,,2038.0,23.0,0.0,7568.0,0.0,4.647089954,0.043817515,4.603272439,4116049.0,24.0,142.0,1.0,16.156742626782666,Very High
Mandi,HIMACHAL PRADESH,88,4.284090909090909,99.0,2.0,11.418827831660824,0.0,,812.0,62.0,4.0,18325.0,0.0,0.910437082,0.174020686,0.736416396,1131583.0,4.0,187.0,26.0,16.145166319236747,Very High
Araria,BIHAR,28,14.5,85.0,7.0,18.300981556351722,0.0,,3059.0,0.0,0.0,755.0,0.0,6.399493143,0.0,6.399493143,3634320.0,23.0,162.0,0.0,16.139375553110227,Very High
Wayanad,KERALA,146,3.73972602739726,34.0,2.0,4.583410557457673,0.0,,1182.0,459.0,50.0,860729.0,0.0,0.815062099,0.354881107,0.460180992,847406.0,4.0,151.0,95.0,16.135483336003308,Very High
Jalandhar,PUNJAB,42,5.571428571428571,38.0,2.0,8.396116573700233,0.0,,328.0,46.0,0.0,499.0,0.0,5.423173348,0.0,5.423173348,2446748.0,6.0,56.0,39.0,16.12634939775498,Very High
Kasaragod,KERALA,64,5.5,34.0,4.0,6.3119941255731415,0.0,,1086.0,327.0,49.0,847210.0,0.0,3.02140911,0.717632918,2.303776192,1320168.0,6.0,108.0,40.0,16.122794226826645,Very High
Budaun,UTTAR PRADESH,21,10.380952380952381,89.0,2.0,19.404834939973572,0.0,,1953.0,25.0,0.0,4407.0,0.0,3.899941243,0.043402472,3.856538771,3653296.0,23.0,90.0,4.0,16.11888766407801,Very High
Firozabad,UTTAR PRADESH,19,9.31578947368421,89.0,1.0,20.47777285953113,0.0,,1670.0,62.0,0.0,3972.0,0.0,4.216316792,0.0,4.216316792,2948291.0,21.0,62.0,21.0,16.085013203174043,Very High
Mirzapur,UTTAR PRADESH,31,12.096774193548388,89.0,2.0,20.21609068491347,0.0,,2583.0,0.0,0.0,4911.0,0.0,4.158753681,1.473547713,2.685205968,3135271.0,21.0,206.0,0.0,16.08213687752855,Very High
Banda,UTTAR PRADESH,20,10.85,89.0,4.5,19.679738444988487,0.0,,1839.0,44.0,0.0,3958.0,0.0,6.835722082,0.522039626,6.313682456,2069729.0,22.0,87.0,4.0,16.059900808320847,Very High
Kanpur Dehat,UTTAR PRADESH,0,,,,,,,,,,,,3.309974643,0.222688571,3.087286072,2010692.0,16.0,131.0,4.0,16.056076897408293,Very High
Sultanpur,UTTAR PRADESH,30,9.666666666666666,89.0,1.0,19.336107609114723,0.0,,2320.0,2.0,0.0,4410.0,0.0,4.349309327,0.002008734,4.347300593,2509152.0,20.0,139.0,2.0,16.055801690738456,Very High
Gaya,BIHAR,29,13.89655172413793,85.0,7.0,17.96692363282001,0.0,,2862.0,0.0,0.0,790.0,0.0,3.47076538,0.000225598,3.470539782,5429170.0,23.0,122.0,0.0,16.047065958457697,Very High
Kanpur Nagar,UTTAR PRADESH,5,1.8,3.0,2.0,0.8366600265340756,0.0,,42.0,2.0,0.0,0.0,0.0,5.234616541,0.360877047,4.873739494,4932257.0,20.0,112.0,1.0,16.037032577580113,Very High
Alwar,RAJASTHAN,33,14.212121212121213,365.0,2.0,63.03756696196998,0.0,,454.0,53.0,0.0,890.0,0.0,0.348076896,0.005601607,0.342475289,4491235.0,14.0,102.0,15.0,16.035513548288417,Very High
Gadchiroli,MAHARASHTRA,55,3.6,31.0,2.0,4.878524367060187,0.0,,739.0,85.0,0.0,2838.0,0.0,1.859313068,0.196356508,1.66295656,1183215.0,4.0,90.0,15.0,16.028387315575035,Very High
Hamirpur,HIMACHAL PRADESH,75,4.36,99.0,2.0,12.303196684140618,0.0,,736.0,44.0,2.0,18589.0,0.0,,,,,,,,15.808167952229702,High
Vadodara,GUJARAT,36,13.444444444444445,120.0,7.0,21.001284919117882,0.0,,1218.0,24.0,2.0,8783.0,0.0,3.328415211,0.284762754,3.043652457,3437852.0,13.0,105.0,3.0,15.994498844329868,Very High
Pathanamthitta,KERALA,72,5.208333333333333,34.0,4.0,6.086090120738148,0.0,,1158.0,297.0,11.0,857210.0,0.0,1.224907042,0.233181386,0.991725656,1320089.0,6.0,132.0,30.0,15.993823606127968,Very High
Pali,RAJASTHAN,26,18.653846153846153,365.0,4.5,70.74231678857701,0.0,,1366.0,43.0,0.0,275586.0,0.0,0.420034216,0.028374093,0.391660123,2254626.0,18.0,136.0,8.0,15.976500768955797,Very High
Vizianagaram,ANDHRA PRADESH,16,9.375,31.0,5.0,10.837435120913065,0.0,,616.0,429.0,0.0,47002.0,0.0,1.110588388,0.320586402,0.790001986,2443656.0,9.0,63.0,107.0,15.961001525134424,Very High
Kolkata,WEST BENGAL,72,2.611111111111111,30.0,1.0,4.8833016871541055,0.0,,1798.0,105.0,0.0,213.0,0.0,12.06523072,10.21461453,1.85061619,2896202.0,3.0,262.0,79.0,15.957336198809111,Very High
Krishna,ANDHRA PRADESH,35,7.828571428571428,38.0,6.0,9.014647277970361,0.0,,1803.0,6.0,0.0,100249.0,0.0,4.604283716,3.894573341,0.709710375,4751934.0,8.0,210.0,1.0,15.957324083169675,Very High
Siwan,BIHAR,30,14.733333333333333,85.0,9.5,17.83822577642112,0.0,,2936.0,0.0,0.0,790.0,0.0,6.753345435,0.145588085,6.60775735,3880318.0,23.0,133.0,0.0,15.941828102345882,Very High
Jalor,RAJASTHAN,0,,,,,,,,,,,,1.350286581,0.005874951,1.34441163,2252706.0,25.0,113.0,4.0,15.941008821581091,Very High
Wardha,MAHARASHTRA,67,4.343283582089552,31.0,2.0,5.313083447621826,0.0,,923.0,131.0,0.0,6007.0,0.0,1.65012412,1.005544539,0.644579581,1365264.0,5.0,134.0,20.0,15.93909113222713,Very High
Morigaon,ASSAM,0,,,,,,,,,,,,15.71118817,2.221938191,13.48924998,1127394.0,8.0,81.0,3.0,15.894310472731716,Very High
Fatehpur,UTTAR PRADESH,33,7.484848484848484,89.0,1.0,16.078170783941058,0.0,,2286.0,20.0,0.0,4422.0,0.0,6.194245238,0.497518236,5.696727002,3038415.0,16.0,94.0,1.0,15.880027904370005,Very High
Tonk,RAJASTHAN,20,22.8,365.0,3.0,80.84071407794205,0.0,,1054.0,1038.0,0.0,208781.0,0.0,0.845948588,0.871896612,0.025948024,1641156.0,21.0,137.0,252.0,15.834013405214002,Very High
Bundi,RAJASTHAN,25,17.84,365.0,3.0,72.38823569245673,0.0,,1352.0,46.0,0.0,275300.0,0.0,2.12987866,0.138460405,1.991418255,1323567.0,17.0,137.0,4.0,15.82948386480906,Very High
Kangra,HIMACHAL PRADESH,99,4.101010101010101,99.0,2.0,10.802016959709704,0.0,,846.0,114.0,5.0,18835.0,0.0,1.044453548,0.966952237,0.077501311,1693351.0,4.0,173.0,58.0,15.827797199316024,Very High
Surendranagar,GUJARAT,29,14.586206896551724,122.0,7.0,23.29395574788096,0.0,,1418.0,43.0,0.0,26709.0,0.0,1.286502045,0.14688655,1.139615495,1806637.0,13.0,109.0,5.0,15.827202884851877,Very High
Kishanganj,BIHAR,29,14.03448275862069,85.0,7.0,17.987064317409352,0.0,,2964.0,0.0,0.0,755.0,0.0,9.339752372,0.190724422,9.14902795,2214692.0,22.0,143.0,0.0,15.818143694114555,Very High
Coimbatore,TAMIL NADU,33,5.0606060606060606,16.0,3.0,4.961976634488733,0.0,,1065.0,234.0,0.0,9093.0,0.0,0.519629022,0.20279264,0.316836382,4180340.0,5.0,142.0,24.0,15.81294135542745,Very High
Nashik,MAHARASHTRA,83,2.4698795180722892,14.0,1.0,2.456138896314703,0.0,,844.0,128.0,4.0,2103.0,0.0,0.73876734,0.729292944,0.009474396,7301954.0,3.0,158.0,70.0,15.8107558547062,Very High
Shahjahanpur,UTTAR PRADESH,22,8.727272727272727,89.0,1.0,19.248207877449435,0.0,,1629.0,3.0,0.0,3940.0,0.0,4.764711247,0.007833177,4.75687807,3533793.0,20.0,64.0,3.0,15.810738427976837,Very High
Bhandara,MAHARASHTRA,55,4.472727272727273,31.0,2.0,5.533917457302957,0.0,,741.0,102.0,0.0,5000.0,0.0,2.564278476,0.742932408,1.821346068,1132270.0,5.0,91.0,26.0,15.806534648057134,High
Kheda,GUJARAT,25,15.4,122.0,7.0,24.75042087184243,0.0,,1482.0,41.0,0.0,18906.0,0.0,2.857113599,0.01148306,2.845630539,2023119.0,15.0,102.0,6.0,15.780664183908018,High
Hailakandi,ASSAM,80,8.625,93.0,1.0,15.115902431846868,0.0,,1500.0,59.0,0.0,3588733.0,0.0,17.39218508,0.052376525,17.33980856,765445.0,9.0,73.0,6.0,15.767161467507034,High
Bhojpur,BIHAR,36,14.083333333333334,85.0,7.0,17.103675461306974,0.0,,2968.0,0.0,0.0,851.0,0.0,6.197224303,0.810391565,5.386832738,3338604.0,21.0,119.0,0.0,15.752007841506035,High
Prakasam,ANDHRA PRADESH,32,7.53125,31.0,5.5,8.068194725527654,0.0,,1624.0,6.0,0.0,77266.0,0.0,1.152408401,0.273749091,0.87865931,3731704.0,8.0,177.0,0.0,15.737687231974204,High
Dharwad,KARNATAKA,54,7.277777777777778,31.0,3.0,9.637616292358922,0.0,,1431.0,140.0,3.0,11637.0,0.0,0.419364228,0.136242811,0.283121417,2085599.0,7.0,123.0,30.0,15.72960889374524,High
Balrampur,CHHATTISGARH,1,1.0,1.0,1.0,,0.0,,24.0,0.0,0.0,42.0,0.0,,,,,,,,15.476363209131371,High
Bengaluru Rural,KARNATAKA,85,4.258823529411765,31.0,1.0,7.275452761523097,0.0,,957.0,295.0,0.0,10169.0,0.0,0.192307509,0.071765205,0.120542304,1355031.0,4.0,164.0,135.0,15.693701586601923,High
Pratapgarh,RAJASTHAN,9,42.111111111111114,365.0,1.0,121.09443055364319,0.0,,113.0,0.0,0.0,0.0,0.0,,,,,,,,15.413503719435507,High
Jhansi,UTTAR PRADESH,12,14.25,89.0,4.5,24.80148455967175,0.0,,2419.0,22.0,0.0,3958.0,0.0,2.23315222,0.409255286,1.823896934,2198410.0,27.0,127.0,3.0,15.684866276313064,High
Amreli,GUJARAT,38,18.36842105263158,122.0,7.0,27.40430135169806,0.0,,2202.0,95.0,2.0,134730.0,0.0,0.551647653,0.455725673,0.09592198,1650731.0,18.0,224.0,10.0,15.68483276196048,High
Cuddalore,TAMIL NADU,30,4.466666666666667,16.0,2.0,4.840442650984645,0.0,,838.0,188.0,0.0,3143.0,0.0,6.561569456,0.689771711,5.871797745,2998319.0,4.0,63.0,10.0,15.662049981665302,High
Bilaspur,CHHATTISGARH,5,1.8,3.0,2.0,0.8366600265340756,0.0,,9.0,1.0,0.0,0.0,0.0,,,,,,,,15.322296714954875,High
Ajmer,RAJASTHAN,36,3.2222222222222223,14.0,2.0,3.1632813985400037,0.0,,1026.0,73.0,0.0,200130.0,0.0,0.260510002,0.05695381,0.203556192,2985855.0,4.0,135.0,23.0,15.626895014531897,High
Madurai,TAMIL NADU,21,6.809523809523809,16.0,4.0,5.353681421405719,0.0,,807.0,208.0,0.0,4096.0,0.0,1.022103303,0.009182441,1.012920862,3384080.0,7.0,56.0,54.0,15.602727307977238,High
Madhepura,BIHAR,31,16.451612903225808,85.0,14.0,17.873329683595458,0.0,,3168.0,0.0,0.0,2771.0,0.0,3.91579591,0.008027921,3.907767989,2498415.0,24.0,156.0,0.0,15.593342755837629,High
Akola,MAHARASHTRA,65,3.6307692307692307,31.0,2.0,4.618472524714038,0.0,,765.0,54.0,0.0,2734.0,0.0,0.880057177,0.274621796,0.605435381,2032614.0,4.0,106.0,14.0,15.578364230579806,High
Gurdaspur,PUNJAB,41,5.804878048780488,38.0,2.0,9.239100367988007,0.0,,674.0,9.0,0.0,7026.0,0.0,8.104089132,0.113656362,7.99043277,1740157.0,6.0,92.0,3.0,15.565982611007676,High
Koraput,ODISHA,38,9.631578947368421,31.0,6.0,9.785320093458195,0.0,,1930.0,8.0,2.0,55327.0,0.0,1.383903026,1.198572767,0.185330259,1573932.0,18.0,198.0,4.0,15.560269755580746,High
Bhilwara,RAJASTHAN,20,22.25,365.0,3.0,80.7588189741855,0.0,,858.0,44.0,0.0,200130.0,0.0,0.795160097,0.045229947,0.74993015,2821404.0,20.0,85.0,4.0,15.558022770832022,High
Banas Kantha,GUJARAT,22,18.136363636363637,122.0,7.0,25.627915312994993,0.0,,1540.0,39.0,2.0,24656.0,0.0,0.684661264,0.116877662,0.567783602,3729629.0,18.0,109.0,2.0,15.557662783463703,High
Nalbari,ASSAM,131,9.916030534351146,93.0,3.0,14.047194172578996,0.0,,2219.0,49.0,0.0,10114656.0,0.0,8.823179287,2.234621552,6.588557735,978546.0,10.0,130.0,1.0,15.551852487901126,High
Kinnaur,HIMACHAL PRADESH,58,5.241379310344827,99.0,2.0,13.917438694620206,0.0,,935.0,104.0,0.0,18064.0,0.0,0.710681995,0.171089112,0.539592883,87703.0,5.0,225.0,64.0,15.549731350637837,High
Valsad,GUJARAT,36,17.11111111111111,122.0,7.0,27.60722242745058,0.0,,1648.0,40.0,2.0,25676.0,0.0,2.551668353,0.812747791,1.738920562,2077846.0,17.0,126.0,2.0,15.547421370787786,High
Ramanathapuram,TAMIL NADU,15,7.133333333333334,16.0,6.0,5.330058518395817,0.0,,803.0,208.0,0.0,2808.0,0.0,3.269130248,1.290662657,1.978467591,1550443.0,7.0,103.0,17.0,15.515402596471082,High
Nagapattinam,TAMIL NADU,27,6.111111111111111,23.0,3.0,6.027713773341708,0.0,,884.0,157.0,0.0,3170.0,0.0,12.49792911,4.028133598,8.469795512,1816255.0,6.0,81.0,5.0,15.510547035317163,High
Mysuru,KARNATAKA,49,7.795918367346939,31.0,2.0,10.937282553717989,0.0,,866.0,59.0,50.0,14404.0,0.0,1.66900183,1.291071277,0.377930553,3330925.0,8.0,75.0,14.0,15.49929207355667,High
Viluppuram,TAMIL NADU,25,5.72,16.0,3.0,5.396912697706594,0.0,,879.0,188.0,0.0,6155.0,0.0,2.829205267,0.250109562,2.579095705,2449240.0,6.0,75.0,10.0,15.458700034241383,High
Churu,RAJASTHAN,15,29.266666666666666,365.0,5.0,92.9119911272926,0.0,,384.0,85.0,0.0,1018.0,0.0,0.776519408,0.00062635,0.775893058,2206492.0,25.0,43.0,14.0,15.457609817828727,High
Kannauj,UTTAR PRADESH,20,8.7,89.0,1.0,20.068566675800557,0.0,,1688.0,30.0,0.0,3949.0,0.0,3.637205694,0.028212116,3.608993578,1938161.0,21.0,71.0,7.0,15.449324962770856,High
Bangalore,KARNATAKA,0,,,,,,,,,,,,0.342520348,0.227953363,0.114566985,13403998.0,6.0,75.0,37.0,15.439242120141657,High
Sangli,MAHARASHTRA,29,3.2413793103448274,14.0,2.0,3.0782088067783966,0.0,,1315.0,25.0,4.0,29390.0,0.0,0.816411266,0.371511861,0.444899405,3253446.0,4.0,107.0,13.0,15.438451271929043,High
Bijapur,CHHATTISGARH,4,1.5,3.0,1.0,1.0,0.0,,0.0,1.0,0.0,4.0,0.0,2.067319021,0.119061839,1.948257182,275997.0,9.0,85.0,20.0,15.438205824489648,High
Rohtas,BIHAR,20,19.95,85.0,14.5,20.48227731993018,0.0,,2703.0,0.0,0.0,755.0,0.0,4.672962273,0.800130744,3.872831529,3605080.0,29.0,82.0,0.0,15.415270144390568,High
Bilaspur,HIMACHAL PRADESH,50,5.78,99.0,2.0,14.982016430592065,0.0,,709.0,22.0,0.0,18562.0,0.0,,,,,,,,15.101244802130282,High
Mainpuri,UTTAR PRADESH,18,11.222222222222221,89.0,1.5,20.88781112502627,0.0,,2047.0,23.0,0.0,4407.0,0.0,3.043030701,0.0,3.043030701,2193399.0,24.0,111.0,1.0,15.403048909170366,High
Amethi,UTTAR PRADESH,20,9.25,89.0,1.0,19.917923692255833,0.0,,1759.0,54.0,0.0,4032.0,0.0,2.870234132,0.0,2.870234132,3139220.0,21.0,49.0,6.0,15.387214003222002,High
Pilibhit,UTTAR PRADESH,19,11.105263157894736,89.0,2.0,20.283805080359347,0.0,,1926.0,1.0,0.0,4899.0,0.0,3.104616978,0.672146699,2.432470279,2398821.0,23.0,98.0,1.0,15.377845702339462,High
Aizawl,MIZORAM,19,1.9473684210526316,17.0,1.0,3.658683494411713,0.0,,205.0,42.0,11.0,0.0,0.0,2.162077627,0.096288881,2.065788746,483635.0,2.0,154.0,42.0,15.373862352432583,High
Karbi Anglong,ASSAM,69,11.73913043478261,93.0,2.0,17.109209915674622,0.0,,1614.0,60.0,1.0,9120407.0,0.0,1.843407844,0.000151248,1.843256596,693265.0,20.0,66.0,5.0,15.362021962889797,High
Navsari,GUJARAT,29,20.896551724137932,122.0,7.0,30.61319139986436,0.0,,1430.0,69.0,0.0,18676.0,0.0,2.899986996,0.636447966,2.26353903,1457183.0,21.0,79.0,6.0,15.33375021700011,High
Purba Bardhaman,WEST BENGAL,10,12.8,38.0,7.0,11.951754868823425,0.0,,436.0,4.0,0.0,212.0,0.0,8.794297365,0.24975544,8.544541925,4891157.0,34.0,45.0,0.0,15.321666311237394,High
Anantapur,ANDHRA PRADESH,0,,,,,,,,,,,,0.698641838,0.216018195,0.482623643,4537583.0,10.0,118.0,1.0,15.3202557247576,High
Sri Potti Sriramulu Nell*,ANDHRA PRADESH,0,,,,,,,,,,,,4.296954395,3.608219113,0.688735282,3285473.0,6.0,175.0,0.0,15.305835568857868,High
Ludhiana,PUNJAB,34,6.0588235294117645,38.0,2.5,8.186985890296528,0.0,,594.0,12.0,0.0,6751.0,0.0,4.786805709,0.007473247,4.779332462,3965684.0,7.0,70.0,1.0,15.295306737527335,High
Srikakulam,ANDHRA PRADESH,20,5.3,31.0,4.0,6.570267958967242,0.0,,517.0,0.0,0.0,10386.0,0.0,4.01307877,0.566374643,3.446704127,2726592.0,6.0,144.0,0.0,15.261049338054017,High
Kendrapara,ODISHA,24,12.75,31.0,12.0,11.022703842524301,0.0,,780.0,0.0,0.0,54160.0,0.0,23.2512603,4.951021358,18.30023894,1692082.0,24.0,57.0,0.0,15.214873218557004,High
Bidar,KARNATAKA,0,,,,,,,,,,,,1.344650341,0.577171919,0.767478422,1848763.0,8.0,89.0,7.0,15.210263157247708,High
Kendujhar,ODISHA,29,11.137931034482758,31.0,6.0,11.26855339280524,0.0,,676.0,3.0,0.0,54508.0,0.0,1.491690841,0.370501647,1.121189194,2118363.0,20.0,54.0,3.0,15.190476797786722,High
Banka,BIHAR,22,17.272727272727273,85.0,13.0,19.332139088357547,0.0,,2888.0,0.0,0.0,4471.0,0.0,2.03422427,0.348262775,1.685961495,2787874.0,26.0,120.0,0.0,15.16369520645247,High
Sambhal,UTTAR PRADESH,16,10.625,89.0,1.0,22.144600545806497,0.0,,1593.0,46.0,0.0,3952.0,0.0,2.052578084,0.044450144,2.00812794,2818198.0,23.0,46.0,10.0,15.160659531247893,High
West Nimar,MADHYA PRADESH,0,,,,,,,,,,,,1.727264926,0.465974584,1.261290342,2194354.0,4.0,52.0,18.0,15.15254210391885,High
Ganganagar,RAJASTHAN,19,22.736842105263158,365.0,2.0,82.94231067787294,0.0,,241.0,3.0,0.0,970.0,0.0,6.604699359,0.009686833,6.595012526,2163051.0,21.0,31.0,1.0,15.146737991741976,High
Punch,JAMMU & KASHMIR,0,,,,,,,,,,,,0.738012141,0.059684491,0.67832765,697454.0,4.0,155.0,13.0,15.139791863648927,High
Sambalpur,ODISHA,29,10.827586206896552,31.0,7.0,10.532497212767055,0.0,,1897.0,0.0,0.0,51665.0,0.0,1.95082885,1.296871576,0.653957274,1271970.0,21.0,191.0,0.0,15.13820084693786,High
Gautam Buddha Nagar,UTTAR PRADESH,15,12.933333333333334,89.0,1.0,22.954821051879485,0.0,,1699.0,4.0,0.0,6940.0,0.0,4.671283575,0.002840861,4.668442714,2613780.0,25.0,59.0,4.0,15.137927295438988,High
South Twenty Four Pargan*,WEST BENGAL,0,,,,,,,,,,,,17.30461094,7.77866316,9.52594778,12843801.0,17.0,30.0,0.0,15.125565011678852,High
Kasganj,UTTAR PRADESH,13,12.76923076923077,89.0,1.0,24.21485028570225,0.0,,1613.0,43.0,0.0,3952.0,0.0,11.5492555,0.061598326,11.48765717,1633713.0,26.0,45.0,3.0,15.10167008257926,High
Puri,ODISHA,35,13.885714285714286,31.0,9.0,11.06869307490973,0.0,,2276.0,0.0,0.0,84282.0,0.0,18.91181616,18.5900097,0.32180646,1855870.0,22.0,267.0,0.0,15.10138817904642,High
Mumbai,MAHARASHTRA,170,2.6882352941176473,79.0,1.0,6.246644765942998,0.0,,3006.0,799.0,0.0,19664.0,0.0,0.013175876,0.012175873,0.001000003,2831580.0,3.0,1016.0,437.0,15.096322280834936,High
Jaisalmer,RAJASTHAN,14,4.714285714285714,12.0,4.0,2.9981679387604343,0.0,,718.0,52.0,0.0,80228.0,0.0,0.490864938,0.007376732,0.483488206,848518.0,7.0,64.0,14.0,15.080382269472423,High
Gadag,KARNATAKA,38,9.894736842105264,31.0,5.0,11.262925244536225,0.0,,1295.0,62.0,0.0,10839.0,0.0,0.935237691,0.161614128,0.773623563,1218001.0,10.0,82.0,8.0,15.077883110523665,High
Kokrajhar,ASSAM,69,12.63768115942029,93.0,5.0,16.42628006874489,0.0,,1738.0,49.0,1.0,9729033.0,0.0,2.564133007,0.046972576,2.517160431,1311786.0,13.0,71.0,1.0,15.045468181811822,High
Baran,RAJASTHAN,22,20.136363636363637,365.0,2.5,77.14568497302173,0.0,,292.0,44.0,1.0,0.0,0.0,2.698445577,0.273336329,2.425109248,1450001.0,19.0,43.0,4.0,15.039160483347256,High
Sirsa,HARYANA,19,4.157894736842105,16.0,2.0,4.6219663671878015,0.0,,224.0,27.0,0.0,1900.0,0.0,9.796778385,0.001758909,9.795019476,1511023.0,6.0,44.0,5.0,15.03133710706316,High
Bijnor,UTTAR PRADESH,18,12.333333333333334,89.0,5.5,21.062930917218747,0.0,,1808.0,0.0,0.0,4350.0,0.0,3.55139876,0.063788983,3.487609777,4311589.0,24.0,56.0,0.0,15.029465062390958,High
Bhadrak,ODISHA,25,12.64,31.0,10.0,10.734989520255713,0.0,,843.0,0.0,0.0,54198.0,0.0,10.96625941,2.562091316,8.404168094,1613470.0,23.0,68.0,0.0,15.017488855468349,High
Mayurbhanj,ODISHA,24,11.75,31.0,6.5,11.1208773504377,0.0,,576.0,2.0,0.0,54049.0,0.0,1.289395367,0.185356663,1.104038704,2891283.0,23.0,40.0,2.0,15.016612155483823,High
Buxar,BIHAR,23,16.391304347826086,85.0,12.0,19.350215245302202,0.0,,2753.0,0.0,0.0,755.0,0.0,5.8158623,0.526160857,5.289701443,2014287.0,25.0,89.0,0.0,15.01252575840675,High
Bongaigaon,ASSAM,84,10.880952380952381,93.0,4.5,15.229493233272189,0.0,,1746.0,49.0,0.0,9984014.0,0.0,11.75738514,3.469432123,8.287953017,803266.0,11.0,79.0,1.0,15.001631836615058,High
Baramula,JAMMU & KASHMIR,0,,,,,,,,,,,,1.128824654,0.217682121,0.911142533,1224436.0,5.0,75.0,39.0,14.999944827865958,High
Jalna,MAHARASHTRA,42,4.761904761904762,21.0,3.0,4.195290761803564,0.0,,1914.0,116.0,0.0,27790.0,0.0,0.710994286,0.649960977,0.061033309,2330103.0,5.0,157.0,13.0,14.992897194017871,High
Lakhisarai,BIHAR,23,16.08695652173913,85.0,12.0,19.556243001052263,0.0,,2772.0,0.0,0.0,755.0,0.0,12.2823616,0.192831525,12.08953008,1174729.0,25.0,89.0,0.0,14.989151061334136,High
Sheohar,BIHAR,26,14.923076923076923,85.0,9.5,18.85083144462987,0.0,,2922.0,7.0,0.0,755.0,0.0,9.002316572,0.0,9.002316572,851775.0,23.0,136.0,1.0,14.98702657896984,High
Farrukhabad,UTTAR PRADESH,23,8.826086956521738,89.0,1.0,18.90803622780787,0.0,,2027.0,0.0,0.0,4417.0,0.0,6.314129092,0.099039455,6.215089637,2145188.0,20.0,76.0,0.0,14.975491783899162,High
Belagavi,KARNATAKA,63,7.063492063492063,31.0,3.0,9.640092717853234,0.0,,1485.0,120.0,3.0,11656.0,0.0,1.274110942,0.55806105,0.716049892,5439561.0,6.0,63.0,2.0,14.974630688320827,High
Kaimur (bhabua),BIHAR,21,17.047619047619047,85.0,14.0,20.17542116159212,0.0,,2739.0,0.0,0.0,755.0,0.0,2.869921368,0.262638721,2.607282647,1966164.0,27.0,88.0,0.0,14.971136972647972,High
Chittoor,ANDHRA PRADESH,18,8.38888888888889,31.0,6.5,7.708962613423637,0.0,,953.0,0.0,0.0,69206.0,0.0,0.573483172,0.068957975,0.504525197,4580686.0,8.0,124.0,0.0,14.968531993958036,High
Amroha,UTTAR PRADESH,15,11.6,89.0,1.0,22.658331800907145,0.0,,1617.0,22.0,0.0,3940.0,0.0,3.77465624,0.02670143,3.74795481,2208108.0,24.0,54.0,3.0,14.964340640710867,High
Kalahandi,ODISHA,28,12.464285714285714,31.0,7.0,10.8405348469158,0.0,,1751.0,0.0,2.0,55519.0,0.0,0.969360733,0.57131064,0.398050093,1864838.0,22.0,149.0,0.0,14.95201812997386,High
Firozpur,PUNJAB,0,,,,,,,,,,,,8.113945312,0.027828753,8.086116559,1057444.0,8.0,79.0,1.0,14.946469180526158,High
Patan,GUJARAT,19,25.894736842105264,122.0,14.0,35.63065898421082,0.0,,1148.0,40.0,0.0,17876.0,0.0,2.72529709,0.128901094,2.596395996,1464752.0,25.0,48.0,2.0,14.916492724107847,High
Chamba,HIMACHAL PRADESH,73,4.5479452054794525,99.0,2.0,12.475577359040354,0.0,,751.0,40.0,0.0,18408.0,0.0,0.400300346,0.191863584,0.208436762,586226.0,5.0,125.0,13.0,14.895307241291423,High
Ghaziabad,UTTAR PRADESH,17,13.294117647058824,89.0,1.0,22.14092564088715,0.0,,1789.0,33.0,0.0,7361.0,0.0,2.474121961,0.0,2.474121961,4601786.0,24.0,70.0,2.0,14.894861635598293,High
Bhavnagar,GUJARAT,38,14.368421052631579,120.0,7.0,20.989599809006545,0.0,,1981.0,49.0,0.0,118186.0,0.0,1.164791431,1.145481372,0.019310059,2765060.0,14.0,225.0,6.0,14.866710246249184,High
Salem,TAMIL NADU,16,6.4375,16.0,4.5,5.561399703911476,0.0,,909.0,179.0,0.0,4026.0,0.0,1.698807354,0.995995874,0.70281148,3947265.0,6.0,64.0,9.0,14.8645723747814,High
Etah,UTTAR PRADESH,19,10.473684210526315,89.0,1.0,20.505740174813468,0.0,,2029.0,5.0,0.0,4411.0,0.0,1.185341675,0.000451786,1.184889889,2068262.0,23.0,106.0,1.0,14.857222982218246,High
Tiruvannamalai,TAMIL NADU,25,5.48,16.0,3.0,5.6282027918925115,0.0,,854.0,189.0,0.0,4316.0,0.0,1.068840485,0.111931507,0.956908978,2908761.0,5.0,48.0,10.0,14.853012994402956,High
Mahesana,GUJARAT,20,26.85,122.0,17.5,34.30095134479355,0.0,,1292.0,43.0,0.0,17890.0,0.0,0.776246826,0.08453985,0.691706976,2169424.0,26.0,68.0,3.0,14.85260955635632,High
Baksa,ASSAM,134,5.231343283582089,93.0,1.0,12.353145883523606,0.0,,1346.0,49.0,4.0,7875618.0,0.0,3.829965692,0.097900998,3.732064694,1258285.0,7.0,51.0,1.0,14.8521292715311,High
Haveri,KARNATAKA,25,13.08,31.0,6.0,12.681745410891462,0.0,,1207.0,44.0,3.0,9388.0,0.0,1.243636673,0.202049296,1.041587377,1601523.0,13.0,67.0,4.0,14.846701945959106,High
Jehanabad,BIHAR,20,17.85,85.0,14.0,20.352873843371864,0.0,,2749.0,0.0,0.0,755.0,0.0,10.28041514,0.001189369,10.27922577,1409612.0,27.0,87.0,0.0,14.842210309592142,High
Hisar,HARYANA,17,4.9411764705882355,16.0,2.0,5.3557281045075245,0.0,,282.0,21.0,0.0,300.0,0.0,4.240875674,0.000529024,4.24034665,1943429.0,8.0,54.0,3.0,14.841568140078657,High
Dhenkanal,ODISHA,20,17.45,31.0,15.0,11.96695010171105,0.0,,1691.0,0.0,0.0,54653.0,0.0,1.607306371,0.725516959,0.881789412,1387551.0,28.0,140.0,0.0,14.83228359745756,High
Idukki,KERALA,113,4.176991150442478,34.0,3.0,5.018234764507007,0.0,,1458.0,515.0,54.0,847209.0,0.0,0.789197649,0.784504282,0.004693367,1048101.0,4.0,275.0,71.0,14.830320339480933,High
Palghar,MAHARASHTRA,32,1.96875,10.0,1.0,1.8047316841051202,0.0,,502.0,12.0,1.0,2033.0,0.0,2.015211138,1.112239022,0.902972116,3787472.0,3.0,78.0,4.0,14.821020652118024,High
Sirmaur,HIMACHAL PRADESH,62,5.0,99.0,2.0,13.470063954963972,0.0,,660.0,61.0,0.0,18567.0,0.0,1.011405104,0.033540578,0.977864526,564300.0,5.0,84.0,14.0,14.806329363348578,High
Yadgir,KARNATAKA,21,13.619047619047619,31.0,7.0,12.823713153670393,0.0,,1204.0,44.0,0.0,9189.0,0.0,1.651730783,0.57450138,1.077229403,1373369.0,13.0,64.0,5.0,14.804164824424284,High
Raisen,MADHYA PRADESH,14,3.7857142857142856,14.0,2.5,3.61999939287227,0.0,,187.0,13.0,0.0,2654.0,0.0,1.851820563,0.547154614,1.304665949,1582981.0,5.0,56.0,12.0,14.793973354915757,High
Uttar Dinajpur,WEST BENGAL,0,,,,,,,,,,,,6.673772935,0.007231452,6.666541483,3289303.0,10.0,46.0,3.0,14.792902568137231,High
Buldana,MAHARASHTRA,0,,,,,,,,,,,,0.570331597,0.427298223,0.143033374,2939030.0,3.0,92.0,7.0,14.778399410216522,High
West Tripura,TRIPURA,35,3.5714285714285716,21.0,1.0,4.333764253514723,0.0,,154.0,120.0,0.0,0.0,0.0,0.612502471,0.0,0.612502471,1081396.0,4.0,66.0,110.0,14.77717186516576,High
Rewa,MADHYA PRADESH,17,4.0,14.0,2.0,3.553167600887974,0.0,,217.0,25.0,0.0,40000.0,0.0,0.994456438,0.175699644,0.818756794,2794552.0,5.0,38.0,25.0,14.768595828074591,High
Garhwal,UTTARAKHAND,14,2.142857142857143,7.0,1.0,2.2138425646596693,0.0,,203.0,22.0,5.0,125.0,0.0,1.014386007,0.69594354,0.318442467,727119.0,7.0,171.0,7.0,14.763560782047266,High
Anantnag,JAMMU & KASHMIR,7,1.0,1.0,1.0,0.0,0.0,,20.0,21.0,40.0,0.0,0.0,0.462302357,0.159500867,0.30280149,1290100.0,4.0,81.0,44.0,14.756466762456736,High
Raipur,CHHATTISGARH,18,2.5,7.0,2.0,1.855040827202527,0.0,,56.0,123.0,0.0,42.0,0.0,1.037598285,0.445146211,0.592452074,2814996.0,3.0,39.0,66.0,14.7538608107357,High
Chandauli,UTTAR PRADESH,12,14.666666666666666,89.0,6.5,24.599827543125482,0.0,,1677.0,10.0,0.0,4032.0,0.0,8.940225734,1.049386239,7.890839495,2179069.0,28.0,40.0,1.0,14.75193730729792,High
Anand,GUJARAT,15,22.4,122.0,14.0,30.144414313197633,0.0,,1021.0,36.0,0.0,17656.0,0.0,5.640448142,0.236729361,5.403718781,2767476.0,22.0,42.0,1.0,14.750432819149474,High
Kandhamal,ODISHA,25,15.48,31.0,14.0,11.765486248628513,0.0,,1705.0,0.0,2.0,54665.0,0.0,0.573783436,0.032063654,0.541719782,832740.0,26.0,142.0,0.0,14.724730115877072,High
Hojai,ASSAM,72,9.319444444444445,93.0,1.0,16.486295109804825,0.0,,1382.0,49.0,5.0,9261156.0,0.0,5.264427439,0.109771283,5.154656156,1112181.0,10.0,57.0,1.0,14.688703399179165,High
Kollam,KERALA,93,4.946236559139785,34.0,3.0,5.816703069231352,0.0,,1304.0,368.0,12.0,847210.0,0.0,2.689873614,2.697055096,0.007181482,2503307.0,5.0,177.0,60.0,14.687865175552338,High
Sagar,MADHYA PRADESH,19,3.473684210526316,14.0,2.0,3.272247291874697,0.0,,220.0,19.0,0.0,41955.0,0.0,0.895085498,0.240442317,0.654643181,2792584.0,5.0,46.0,8.0,14.673597686558567,High
Pulwama,JAMMU & KASHMIR,11,1.1818181818181819,3.0,1.0,0.6030226891555273,0.0,,12.0,9.0,1.0,165.0,0.0,3.270901569,0.279219117,2.991682452,1008086.0,4.0,76.0,17.0,14.653153505632142,High
Sant Kabir Nagar,UTTAR PRADESH,18,10.722222222222221,89.0,2.0,20.78688940755278,0.0,,1778.0,12.0,0.0,4032.0,0.0,6.190358252,0.19440129,5.995956962,1990205.0,23.0,48.0,1.0,14.638923672830568,High
Erode,TAMIL NADU,17,5.882352941176471,16.0,3.0,5.677613417418189,0.0,,914.0,181.0,0.0,3948.0,0.0,1.28966656,0.635350328,0.654316232,2286982.0,6.0,64.0,9.0,14.637086139673444,High
Shrawasti,UTTAR PRADESH,1,1.0,1.0,1.0,,0.0,,11.0,0.0,0.0,0.0,0.0,7.721578816,0.028878669,7.692700147,1390228.0,24.0,47.0,1.0,14.636054820548718,High
Jajapur,ODISHA,18,14.11111111111111,31.0,12.0,11.731751230234323,0.0,,557.0,0.0,0.0,54198.0,0.0,12.17977255,0.632633041,11.54713951,2048302.0,30.0,33.0,0.0,14.634660263004424,High
Mandya,KARNATAKA,28,9.75,31.0,3.5,11.768208901134477,0.0,,763.0,43.0,0.0,13390.0,0.0,2.146957544,0.730831983,1.416125561,1886354.0,10.0,43.0,4.0,14.626883248678867,High
Auraiya,UTTAR PRADESH,15,11.2,89.0,1.0,22.797869574652303,0.0,,1604.0,15.0,0.0,3961.0,0.0,6.808487542,0.145826885,6.662660657,1619128.0,24.0,46.0,1.0,14.613329857835854,High
Rampur,UTTAR PRADESH,18,10.777777777777779,89.0,3.0,20.629948406184397,0.0,,1677.0,0.0,0.0,4340.0,0.0,4.515924008,0.0,4.515924008,2830370.0,23.0,52.0,0.0,14.611820675964706,High
Jhalawar,RAJASTHAN,25,17.84,365.0,2.0,72.45382437571303,0.0,,250.0,10.0,0.0,50.0,0.0,1.321031828,0.380898218,0.94013361,1669164.0,17.0,35.0,6.0,14.608564014472394,High
Arwal,BIHAR,20,17.85,85.0,14.0,20.352873843371864,0.0,,2743.0,0.0,0.0,755.0,0.0,22.2718737,0.595563792,21.67630991,591972.0,27.0,85.0,0.0,14.60179082289652,High
Kodagu,KARNATAKA,59,6.406779661016949,31.0,3.0,9.038459290563043,0.0,,841.0,110.0,53.0,12611.0,0.0,0.795547476,0.154509876,0.6410376,575814.0,6.0,57.0,17.0,14.593232577967798,High
Chitradurga,KARNATAKA,32,8.625,31.0,3.0,11.212751957107269,0.0,,968.0,49.0,0.0,9159.0,0.0,0.426895091,0.23997582,0.186919271,1798153.0,9.0,99.0,3.0,14.586114591603268,High
Rae Bareli,UTTAR PRADESH,21,9.285714285714286,89.0,1.0,19.743715094031458,0.0,,1874.0,33.0,0.0,4423.0,0.0,5.209973941,0.023735469,5.186238472,2819588.0,30.0,45.0,0.0,14.578343910610434,High
Shivamogga,KARNATAKA,42,9.142857142857142,31.0,4.0,10.63948336489028,0.0,,966.0,79.0,53.0,9561.0,0.0,1.276369106,1.203198506,0.0731706,1877441.0,9.0,74.0,12.0,14.573367465271405,High
Davanagere,KARNATAKA,0,,,,,,,,,,,,0.757147753,0.419899366,0.337248387,2110205.0,11.0,57.0,6.0,14.5671206333669,High
Udalguri,ASSAM,67,9.82089552238806,93.0,1.0,16.640517704954945,0.0,,1324.0,53.0,3.0,5408937.0,0.0,3.138974031,0.003282254,3.135691777,909069.0,10.0,51.0,2.0,14.55326951500184,High
Rupnagar,PUNJAB,37,5.162162162162162,30.0,2.0,6.9781942646500745,0.0,,496.0,22.0,0.0,6534.0,0.0,8.530840592,0.471251752,8.05958884,716979.0,6.0,48.0,6.0,14.55015296383351,High
Kolar,KARNATAKA,26,8.115384615384615,31.0,3.0,10.538792807819776,0.0,,819.0,115.0,0.0,12247.0,0.0,0.261632224,0.109739276,0.151892948,1625062.0,8.0,78.0,21.0,14.532189534439569,High
Kushinagar,UTTAR PRADESH,15,12.733333333333333,89.0,2.0,22.464151335808243,0.0,,1683.0,0.0,0.0,4032.0,0.0,4.446808531,0.238357002,4.208451529,4300787.0,25.0,38.0,0.0,14.5257316692209,High
Panch Mahals,GUJARAT,24,22.708333333333332,122.0,7.0,32.57830588739619,0.0,,1455.0,40.0,2.0,17890.0,0.0,0.963141904,0.574815885,0.388326019,1953336.0,22.0,86.0,2.0,14.51254197973977,High
Solan,HIMACHAL PRADESH,65,4.984615384615385,99.0,2.0,13.164217964443793,0.0,,761.0,63.0,2.0,18212.0,0.0,0.404819031,0.124151886,0.280667145,678073.0,5.0,116.0,15.0,14.504602095216216,High
Charaideo,ASSAM,33,18.21212121212121,93.0,12.0,20.53618388320597,0.0,,1369.0,49.0,0.0,5220302.0,0.0,16.05397104,0.010879162,16.04309188,496227.0,18.0,50.0,1.0,14.498483193678696,High
Doda,JAMMU & KASHMIR,9,1.1111111111111112,2.0,1.0,0.3333333333333333,0.0,,25.0,21.0,0.0,125.0,0.0,0.541398151,0.270867996,0.270530155,563657.0,4.0,122.0,34.0,14.487666525517204,High
Yavatmal,MAHARASHTRA,70,3.642857142857143,31.0,2.0,4.426650889243255,0.0,,1455.0,104.0,1.0,20824.0,0.0,0.98190471,0.983855741,0.001951031,3117757.0,4.0,211.0,22.0,14.48260719028669,High
Chitrakoot,UTTAR PRADESH,16,11.125,89.0,1.5,22.00265135538594,0.0,,1628.0,25.0,0.0,3952.0,0.0,2.917583682,0.454897641,2.462686041,1269815.0,24.0,41.0,3.0,14.4798686527041,High
Upper Siang,ARUNACHAL PRADESH,22,4.136363636363637,17.0,1.0,4.52817060238779,0.0,,102.0,2034.0,2.0,16.0,0.0,2.722491305,0.336009842,2.386481463,34326.0,4.0,24.0,671.0,14.46874306085235,High
Jabalpur,MADHYA PRADESH,22,4.181818181818182,14.0,3.0,3.825184261187248,0.0,,214.0,6.0,0.0,3843.0,0.0,1.701345896,1.091398785,0.609947111,2843254.0,5.0,54.0,6.0,14.46779199915463,High
Koppal,KARNATAKA,23,11.608695652173912,31.0,5.0,12.00658580808043,0.0,,1224.0,54.0,0.0,9215.0,0.0,1.056602421,0.555929835,0.500672586,1551558.0,11.0,74.0,3.0,14.465288797483144,High
Kaushambi,UTTAR PRADESH,19,9.052631578947368,89.0,1.0,20.554733664618276,0.0,,1605.0,1.0,0.0,3945.0,0.0,5.838259619,0.615851316,5.222408303,1981279.0,21.0,41.0,1.0,14.462724521248196,High
Dindigul,TAMIL NADU,19,5.7368421052631575,16.0,3.0,5.455294118388912,0.0,,784.0,169.0,0.0,4284.0,0.0,0.458409501,0.079067201,0.3793423,2457758.0,6.0,52.0,12.0,14.460504975996663,High
Hassan,KARNATAKA,41,9.0,31.0,4.0,10.74476616776745,0.0,,874.0,112.0,50.0,11570.0,0.0,0.65942209,0.611212696,0.048209394,1843387.0,9.0,61.0,28.0,14.452359136779716,High
Kapurthala,PUNJAB,36,5.472222222222222,38.0,2.0,8.12223090786238,0.0,,663.0,11.0,0.0,6751.0,0.0,3.634049856,0.260845183,3.373204673,865875.0,6.0,85.0,2.0,14.437077915657298,High
Sikar,RAJASTHAN,16,4.4375,14.0,4.5,3.4635001563928554,0.0,,941.0,39.0,0.0,200890.0,0.0,0.420855874,0.0,0.420855874,3026385.0,6.0,87.0,2.0,14.433744535144232,High
Bathinda,PUNJAB,38,6.2894736842105265,38.0,2.5,8.794678657488172,0.0,,179.0,24.0,0.0,673.0,0.0,4.083232034,0.018454025,4.064778009,1697487.0,7.0,24.0,5.0,14.432439103601508,High
Sirohi,RAJASTHAN,18,24.22222222222222,365.0,3.5,85.09963403222308,0.0,,700.0,47.0,0.0,75050.0,0.0,0.276456745,0.023800256,0.252656489,1264133.0,22.0,71.0,6.0,14.414967587255116,High
Ambala,HARYANA,29,4.068965517241379,21.0,2.0,4.8397980660557565,0.0,,206.0,27.0,0.0,567.0,0.0,4.251029067,0.0,4.251029067,1296203.0,5.0,36.0,11.0,14.403936732301004,High
Biswanath,ASSAM,82,9.707317073170731,93.0,1.0,16.027359174104575,0.0,,1501.0,49.0,0.0,10723745.0,0.0,5.175865068,2.020191719,3.155673349,666698.0,10.0,56.0,1.0,14.377846930502969,High
Ambedkar Nagar,UTTAR PRADESH,19,9.421052631578947,89.0,1.0,20.448623396952893,0.0,,1702.0,0.0,0.0,3950.0,0.0,3.80490503,0.342207082,3.462697948,2918048.0,22.0,44.0,0.0,14.34664676935026,High
Hoshiarpur,PUNJAB,37,5.945945945945946,38.0,3.0,7.894956005598153,0.0,,639.0,12.0,0.0,6790.0,0.0,1.124097105,0.108432652,1.015664453,1743086.0,7.0,77.0,1.0,14.345076149771591,High
Mau,UTTAR PRADESH,16,11.4375,89.0,2.0,21.860066331097897,0.0,,1781.0,0.0,0.0,4033.0,0.0,4.820667589,0.274573764,4.546093825,2493398.0,24.0,50.0,0.0,14.344909064687036,High
Adilabad,TELANGANA,4,3.75,7.0,3.5,2.5,0.0,,9.0,0.0,0.0,91.0,0.0,1.209758847,0.22104424,0.988714607,802880.0,8.0,174.0,0.0,14.340837653964073,High
Chengalpattu,TAMIL NADU,13,9.0,23.0,7.0,6.892024376045112,0.0,,706.0,156.0,0.0,2816.0,0.0,4.817890104,2.065380723,2.752509381,3240797.0,10.0,36.0,4.0,14.338825559345638,High
Chirang,ASSAM,90,8.833333333333334,93.0,1.0,15.247213781208933,0.0,,1518.0,49.0,1.0,10664861.0,0.0,2.875769392,0.021873585,2.853895807,616102.0,9.0,56.0,1.0,14.327177071038736,High
Dhaulpur,RAJASTHAN,0,,,,,,,,,,,,3.16604113,0.385474633,2.780566497,1501877.0,21.0,62.0,0.0,14.322869345442635,High
Gir Somnath,GUJARAT,32,19.96875,122.0,7.0,29.25801172328701,0.0,,1305.0,68.0,0.0,26929.0,0.0,0.779801587,0.532788711,0.247012876,1353212.0,20.0,62.0,5.0,14.319257269450071,High
Y.S.R.,ANDHRA PRADESH,20,9.3,31.0,6.5,10.047780587614467,0.0,,1024.0,6.0,11.0,27653.0,0.0,1.141752714,1.095797136,0.045955578,3162142.0,9.0,144.0,1.0,14.315856218355387,High
Porbandar,GUJARAT,27,12.407407407407407,37.0,7.0,12.061570440099477,0.0,,952.0,19.0,2.0,10966.0,0.0,5.378579118,0.51266173,4.865917388,660431.0,12.0,49.0,2.0,14.31098938483066,High
Badgam,JAMMU & KASHMIR,0,,,,,,,,,,,,3.988476641,0.182326085,3.806150556,992328.0,6.0,51.0,11.0,14.282593564658416,High
Indore,MADHYA PRADESH,29,3.9310344827586206,17.0,2.0,4.308886452791973,0.0,,212.0,12.0,0.0,2151.0,0.0,0.351694942,0.088367293,0.263327649,4193901.0,5.0,57.0,6.0,14.276474793430763,High
Latur,MAHARASHTRA,41,3.4390243902439024,10.0,2.0,2.8552476292591935,0.0,,687.0,73.0,0.0,2344.0,0.0,0.559348532,0.350302784,0.209045748,2795413.0,4.0,54.0,6.0,14.271939876754926,High
Rajouri,JAMMU & KASHMIR,13,1.0769230769230769,2.0,1.0,0.27735009811261463,0.0,,11.0,7.0,0.0,147.0,0.0,0.301855404,0.017946919,0.283908485,659577.0,4.0,109.0,18.0,14.26711792280496,High
Mahrajganj,UTTAR PRADESH,13,14.461538461538462,89.0,7.0,23.757859698127216,0.0,,1674.0,0.0,0.0,4032.0,0.0,3.336576576,0.082956237,3.253620339,3375140.0,27.0,36.0,0.0,14.2467026717813,High
Udhampur,JAMMU & KASHMIR,9,1.0,1.0,1.0,0.0,0.0,,11.0,8.0,1.0,36.0,0.0,0.487802833,0.013526323,0.47427651,695644.0,5.0,121.0,8.0,14.21953874401665,High
West Siang,ARUNACHAL PRADESH,23,7.217391304347826,62.0,5.0,12.727766788829454,0.0,,114.0,2031.0,0.0,21.0,0.0,0.744207577,0.123427923,0.620779654,48422.0,7.0,52.0,668.0,14.206931820531816,High
Sundargarh,ODISHA,15,16.933333333333334,31.0,16.0,11.119266848047818,0.0,,569.0,0.0,0.0,54049.0,0.0,2.122434122,0.304650931,1.817783191,2361775.0,33.0,28.0,0.0,14.201704186966252,High
Ranchi,JHARKHAND,19,2.8421052631578947,14.0,2.0,2.948882234465889,0.0,,156.0,11.0,0.0,33.0,0.0,0.833116849,0.368094084,0.465022765,3525357.0,5.0,45.0,6.0,14.197119998803474,High
Satara,MAHARASHTRA,48,2.8333333333333335,10.0,1.0,2.5123806912147395,0.0,,927.0,141.0,12.0,12516.0,0.0,0.886672906,0.88365251,0.003020396,3138971.0,3.0,108.0,67.0,14.196438317671806,High
The Dangs,GUJARAT,1,1.0,1.0,1.0,,0.0,,7.0,0.0,0.0,0.0,0.0,2.171927273,0.007193835,2.164733438,274863.0,24.0,68.0,4.0,14.193027581514269,High
Sangrur,PUNJAB,28,6.285714285714286,38.0,2.0,9.423599779502142,0.0,,434.0,12.0,0.0,6515.0,0.0,2.448919322,0.0,2.448919322,1835441.0,7.0,44.0,1.0,14.183626924681889,High
The Nilgiris,TAMIL NADU,27,6.37037037037037,16.0,6.0,5.122710731845516,0.0,,1150.0,234.0,0.0,3948.0,0.0,0.41168295,0.339577292,0.072105658,708881.0,6.0,156.0,23.0,14.181521521398048,High
Nainital,UTTARAKHAND,8,1.625,4.0,1.0,1.0606601717798212,0.0,,136.0,17.0,5.0,25.0,0.0,0.775389314,0.026065252,0.749324062,1104668.0,3.0,91.0,6.0,14.17404358957349,High
Paschim Bardhaman,WEST BENGAL,0,,,,,,,,,,,,2.156244683,0.422563785,1.733680898,3727296.0,13.0,117.0,0.0,14.167484802131147,High
Gandhinagar,GUJARAT,19,26.0,122.0,14.0,35.55590277608238,0.0,,1156.0,40.0,0.0,17876.0,0.0,1.280221069,0.000328815,1.279892254,1324292.0,25.0,49.0,2.0,14.150495722380777,High
Nayagarh,ODISHA,19,14.894736842105264,31.0,14.0,10.928529111367718,0.0,,623.0,1.0,0.0,87266.0,0.0,4.840654376,0.392848482,4.447805894,1012257.0,29.0,36.0,0.0,14.147611779485713,High
Nandurbar,MAHARASHTRA,19,2.8947368421052633,10.0,3.0,2.1575381248622043,0.0,,235.0,31.0,0.0,2110.0,0.0,1.936180535,1.1061674,0.830013135,2039682.0,4.0,43.0,6.0,14.135883571377343,High
Karnal,HARYANA,21,5.0476190476190474,21.0,2.0,5.740001659200026,0.0,,200.0,22.0,0.0,300.0,0.0,3.351988487,0.003219511,3.348768976,1700198.0,6.0,27.0,7.0,14.130339778285856,High
South Salmara Mancachar,ASSAM,46,12.41304347826087,93.0,1.0,18.9286098414913,0.0,,1255.0,49.0,0.0,3275593.0,0.0,28.02392571,10.81288284,17.21104287,533060.0,16.0,39.0,1.0,14.088728871221644,High
Jamui,BIHAR,18,19.72222222222222,85.0,14.5,20.6363629819836,0.0,,2684.0,0.0,0.0,755.0,0.0,0.5711396,0.157890825,0.413248775,2203798.0,29.0,80.0,0.0,14.080780697205766,High
Baghpat,UTTAR PRADESH,14,14.714285714285714,89.0,7.5,23.153097720735644,0.0,,1690.0,0.0,0.0,6941.0,0.0,4.30209073,0.0,4.30209073,1340897.0,26.0,58.0,0.0,14.060014261552078,High
Reasi,JAMMU & KASHMIR,5,1.0,1.0,1.0,0.0,0.0,,8.0,5.0,0.0,36.0,0.0,1.749523708,0.510462262,1.239061446,394393.0,5.0,63.0,18.0,14.047250900942071,High
Ujjain,MADHYA PRADESH,17,3.3529411764705883,14.0,2.0,3.334313581357268,0.0,,171.0,13.0,0.0,2150.0,0.0,0.752619653,0.044407032,0.708212621,2261682.0,4.0,50.0,3.0,14.028002398535865,Moderate
Shamli,UTTAR PRADESH,13,12.76923076923077,89.0,1.0,24.21485028570225,0.0,,1582.0,22.0,0.0,3958.0,0.0,1.857718186,0.0,1.857718186,1373173.0,26.0,44.0,3.0,14.024477523954967,Moderate
Thiruvarur,TAMIL NADU,22,5.045454545454546,16.0,3.0,5.214241238024157,0.0,,811.0,157.0,0.0,4195.0,0.0,2.20727188,0.026905003,2.180366877,1412221.0,5.0,41.0,5.0,13.980877190636448,Moderate
Bhadohi,UTTAR PRADESH,10,17.0,89.0,10.5,26.486894033758574,0.0,,1667.0,0.0,0.0,4032.0,0.0,12.0892717,1.079228201,11.0100435,1805095.0,30.0,36.0,0.0,13.979632076415218,Moderate
Ganderbal,JAMMU & KASHMIR,7,1.2857142857142858,3.0,1.0,0.7559289460184545,0.0,,3.0,4.0,1.0,40.0,0.0,1.994547665,0.499016366,1.495531299,559525.0,6.0,58.0,13.0,13.968864401256017,Moderate
Chhindwara,MADHYA PRADESH,25,4.16,14.0,2.0,4.268879634439618,0.0,,237.0,15.0,0.0,2000.0,0.0,0.626598635,0.382961008,0.243637627,2383077.0,5.0,33.0,6.0,13.955243811560596,Moderate
Sheikhpura,BIHAR,19,18.842105263157894,85.0,14.0,20.41857312975054,0.0,,2690.0,0.0,0.0,755.0,0.0,3.509671673,0.004092988,3.505578685,820089.0,28.0,82.0,0.0,13.952974381669137,Moderate
Hapur,UTTAR PRADESH,12,15.916666666666666,89.0,8.0,24.94159845185014,0.0,,1713.0,23.0,0.0,6940.0,0.0,1.533241589,0.006144137,1.527097452,1831968.0,28.0,58.0,1.0,13.946634127067115,Moderate
Morena,MADHYA PRADESH,14,4.071428571428571,14.0,3.5,3.6891584555139545,0.0,,202.0,0.0,0.0,2045.0,0.0,3.024035354,0.36602215,2.658013204,2318601.0,5.0,57.0,0.0,13.939282508437586,Moderate
Sabar Kantha,GUJARAT,27,16.37037037037037,120.0,7.0,23.847509381562336,0.0,,1220.0,15.0,0.0,1799.0,0.0,0.981927574,0.655214573,0.326713001,1581118.0,16.0,91.0,0.0,13.935683700651056,Moderate
East Siang,ARUNACHAL PRADESH,22,5.7727272727272725,17.0,5.5,5.172563315746967,0.0,,82.0,2031.0,2.0,16.0,0.0,3.916385666,1.35629866,2.560087006,86959.0,6.0,13.0,668.0,13.92916281791021,Moderate
Tehri Garhwal,UTTARAKHAND,18,1.2222222222222223,3.0,1.0,0.5483188805533162,0.0,,165.0,6.0,2.0,130.0,0.0,1.072103335,0.531062216,0.541041119,665938.0,2.0,102.0,6.0,13.928911332831516,Moderate
Chikkamagaluru,KARNATAKA,20,6.45,31.0,3.0,7.976775499437165,0.0,,646.0,58.0,50.0,9830.0,0.0,1.355001002,0.868566012,0.48643499,1168539.0,7.0,40.0,6.0,13.92807228565061,Moderate
Krishnagiri,TAMIL NADU,18,6.277777777777778,16.0,3.5,6.046929756258477,0.0,,747.0,156.0,0.0,9188.0,0.0,1.019903242,0.155619892,0.86428335,2151735.0,6.0,35.0,4.0,13.915616759115895,Moderate
Nagaur,RAJASTHAN,15,27.733333333333334,365.0,3.0,93.33845224057804,0.0,,284.0,0.0,0.0,586.0,0.0,0.318324761,0.004782392,0.313542369,3826407.0,24.0,30.0,0.0,13.9140218797126,Moderate
Vellore,TAMIL NADU,18,6.333333333333333,16.0,3.0,6.135719910778963,0.0,,602.0,201.0,0.0,2738.0,0.0,0.459638695,0.021681234,0.437957461,1718125.0,6.0,38.0,23.0,13.909700707778669,Moderate
Puruliya,WEST BENGAL,0,,,,,,,,,,,,0.817297747,0.509342358,0.307955389,3407465.0,32.0,54.0,0.0,13.90934183977769,Moderate
Dhule,MAHARASHTRA,22,3.0454545454545454,10.0,2.0,2.497184561847749,0.0,,607.0,34.0,0.0,2553.0,0.0,0.703409115,0.475721838,0.227687277,2456650.0,4.0,58.0,4.0,13.905379214570328,Moderate
Pudukkottai,TAMIL NADU,18,6.222222222222222,16.0,4.0,5.568351277327286,0.0,,752.0,156.0,0.0,3028.0,0.0,0.699430563,0.085746267,0.613684296,1827769.0,6.0,46.0,4.0,13.88705312286014,Moderate
Virudhunagar,TAMIL NADU,14,6.5,16.0,3.5,5.958187643906494,0.0,,697.0,158.0,0.0,3948.0,0.0,1.881503151,0.022872843,1.858630308,2112777.0,6.0,26.0,5.0,13.884611316574295,Moderate
Vidisha,MADHYA PRADESH,19,3.4210526315789473,14.0,2.0,3.2543268543362087,0.0,,218.0,9.0,0.0,2754.0,0.0,0.912677122,0.277215122,0.635462,1710603.0,4.0,35.0,6.0,13.879084524896264,Moderate
Khammam,TELANGANA,9,3.6666666666666665,8.0,3.0,2.958039891549808,0.0,,27.0,0.0,1.0,2092.0,0.0,0.560077929,0.458663756,0.101414173,1521069.0,7.0,177.0,0.0,13.876207135960096,Moderate
Bhiwani,HARYANA,17,3.3529411764705883,14.0,2.0,3.2004135762153507,0.0,,237.0,33.0,0.0,0.0,0.0,2.188213606,0.000980524,2.187233082,1296415.0,5.0,31.0,6.0,13.861181519056318,Moderate
Jamnagar,GUJARAT,31,20.516129032258064,122.0,7.0,29.49335627757765,0.0,,2094.0,74.0,0.0,134729.0,0.0,0.665233515,0.663125755,0.00210776,1509267.0,20.0,236.0,8.0,13.855960916031115,Moderate
Kishtwar,JAMMU & KASHMIR,10,1.0,1.0,1.0,0.0,0.0,,30.0,30.0,19.0,0.0,0.0,0.405119324,0.12316298,0.281956344,231938.0,5.0,55.0,29.0,13.851620129028582,Moderate
Khordha,ODISHA,22,13.136363636363637,31.0,12.0,11.162417618937535,0.0,,790.0,0.0,0.0,54198.0,0.0,3.367308168,1.214771584,2.152536584,2574912.0,29.0,28.0,0.0,13.849602114839051,Moderate
Papum Pare,ARUNACHAL PRADESH,27,3.7037037037037037,17.0,1.0,4.286067004885758,0.0,,112.0,39.0,4.0,16.0,0.0,0.846868747,0.021507801,0.825360946,245559.0,4.0,73.0,9.0,13.819670181121646,Moderate
West Karbi Anglong,ASSAM,19,27.263157894736842,93.0,30.0,22.12550590824776,0.0,,1139.0,49.0,0.0,200101.0,0.0,3.225931636,0.096610327,3.129321309,363939.0,26.0,38.0,1.0,13.792560401075464,Moderate
Dima Hasao,ASSAM,75,6.906666666666666,93.0,1.0,15.40636349162372,0.0,,1135.0,49.0,0.0,164974.0,0.0,1.849797408,0.192925704,1.656871704,288305.0,8.0,41.0,1.0,13.785682728615216,Moderate
Rayagada,ODISHA,14,15.928571428571429,31.0,12.0,12.174780274209251,0.0,,512.0,0.0,0.0,22072.0,0.0,1.514776096,0.065376151,1.449399945,1127993.0,31.0,31.0,0.0,13.778353303027748,Moderate
Ahmadnagar,MAHARASHTRA,0,,,,,,,,,,,,0.691347983,0.697616588,0.006268605,5113145.0,4.0,50.0,18.0,13.744180643719863,Moderate
Guna,MADHYA PRADESH,13,4.461538461538462,15.0,2.0,4.9432678903633605,0.0,,187.0,6.0,0.0,2700.0,0.0,0.595168951,0.137757934,0.457411017,1461635.0,6.0,63.0,2.0,13.740949040317725,Moderate
East District,SIKKIM,0,,,,,,,,,,,,0.934153719,0.10298745,0.831166269,337891.0,2.0,146.0,8.0,13.733855784396166,Moderate
Jind,HARYANA,22,5.2727272727272725,21.0,2.0,5.977591633057727,0.0,,224.0,36.0,0.0,300.0,0.0,1.133905451,0.0,1.133905451,1489426.0,6.0,31.0,6.0,13.731396627652702,Moderate
Majuli,ASSAM,70,10.3,93.0,1.0,16.68493202029121,0.0,,1476.0,49.0,0.0,10138015.0,0.0,13.12975694,4.888294451,8.241462489,147155.0,11.0,54.0,1.0,13.73119882779235,Moderate
Rohtak,HARYANA,17,3.9411764705882355,14.0,2.0,3.896642597084285,0.0,,259.0,31.0,0.0,300.0,0.0,1.003708527,0.003867208,0.999841319,1194736.0,7.0,52.0,5.0,13.710172868710089,Moderate
Hoshangabad,MADHYA PRADESH,0,,,,,,,,,,,,2.346467017,0.970690301,1.375776716,1371450.0,5.0,53.0,0.0,13.706241370677152,Moderate
Thiruvallur,TAMIL NADU,20,5.75,16.0,3.0,5.447114156283026,0.0,,801.0,161.0,0.0,3998.0,0.0,2.527745598,2.390831933,0.136913665,4840586.0,6.0,44.0,6.0,13.673875251994277,Moderate
Balangir,ODISHA,13,16.46153846153846,31.0,14.0,12.580509956644475,0.0,,462.0,1.0,0.0,20756.0,0.0,1.245116533,0.149789566,1.095326967,2028038.0,32.0,25.0,0.0,13.663829374845571,Moderate
Leh,LADAKH,0,,,,,,,,,,,,0.46868104,0.486956079,0.018275039,158993.0,1.0,162.0,30.0,13.64846403214242,Moderate
Narmada,GUJARAT,24,10.958333333333334,31.0,6.0,12.270428101623084,0.0,,920.0,11.0,2.0,1913.0,0.0,5.679248253,2.564251605,3.114996648,694589.0,11.0,47.0,0.0,13.624414483992092,Moderate
Sehore,MADHYA PRADESH,17,4.235294117647059,14.0,3.0,4.054772061483633,0.0,,198.0,8.0,0.0,2654.0,0.0,1.308962201,0.443833329,0.865128872,1581777.0,5.0,36.0,2.0,13.624297549713402,Moderate
Morbi,GUJARAT,24,21.291666666666668,122.0,7.0,32.76063274680473,0.0,,1162.0,47.0,0.0,26929.0,0.0,0.897578925,1.089593543,0.192014618,1099951.0,21.0,48.0,2.0,13.62129132955512,Moderate
Bargarh,ODISHA,24,13.083333333333334,31.0,8.5,10.5703303665482,0.0,,1707.0,0.0,0.0,84958.0,0.0,1.309118184,1.345216816,0.036098632,1562701.0,24.0,139.0,0.0,13.614087660258908,Moderate
Hathras,UTTAR PRADESH,12,13.833333333333334,89.0,2.0,24.975745810443357,0.0,,1588.0,0.0,0.0,3940.0,0.0,1.329597887,0.0,1.329597887,1789810.0,27.0,46.0,0.0,13.565689697624794,Moderate
Dewas,MADHYA PRADESH,11,4.0,14.0,2.0,4.024922359499621,0.0,,114.0,19.0,0.0,2150.0,0.0,1.037523564,0.405980697,0.631542867,1839994.0,5.0,17.0,18.0,13.55760707742869,Moderate
Banswara,RAJASTHAN,23,18.26086956521739,365.0,1.0,75.61758897800068,0.0,,665.0,48.0,0.0,75300.0,0.0,0.908342871,0.925230196,0.016887325,2229890.0,17.0,72.0,8.0,13.54361333571918,Moderate
Aravalli,GUJARAT,0,,,,,,,,,,,,1.017301706,0.334042991,0.683258715,1276998.0,24.0,39.0,1.0,13.53249300044823,Moderate
Warangal Rural,TELANGANA,0,,,,,,,,,,,,0.420854233,0.3791028,0.041751433,811309.0,6.0,134.0,2.0,13.50247233551987,Moderate
Betul,MADHYA PRADESH,18,5.0,14.0,3.5,3.940737464575112,0.0,,172.0,9.0,0.0,40150.0,0.0,0.659609051,0.086627039,0.572982012,1776782.0,6.0,26.0,2.0,13.474591542759846,Moderate
Kancheepuram,TAMIL NADU,15,6.266666666666667,16.0,5.0,5.885413769489384,0.0,,646.0,161.0,0.0,2978.0,0.0,2.694220448,0.935998334,1.758222114,1542112.0,6.0,28.0,6.0,13.470096546622718,Moderate
Kaithal,HARYANA,11,3.4545454545454546,14.0,2.0,3.7513633885198687,0.0,,237.0,21.0,0.0,0.0,0.0,3.116757085,0.00046637,3.116290715,1238219.0,6.0,30.0,3.0,13.45663716226992,Moderate
Kathua,JAMMU & KASHMIR,7,1.1428571428571428,2.0,1.0,0.3779644730092272,0.0,,25.0,3.0,0.0,36.0,0.0,1.038752523,0.993134601,0.045617922,639161.0,4.0,112.0,21.0,13.453405870231894,Moderate
North Tripura,TRIPURA,28,3.9285714285714284,21.0,2.0,4.60216190283373,0.0,,181.0,10.0,0.0,0.0,0.0,1.542869002,0.0,1.542869002,417050.0,4.0,96.0,1.0,13.425164734923865,Moderate
Chikkaballapura,KARNATAKA,34,6.5588235294117645,31.0,3.5,8.532260265641321,0.0,,658.0,60.0,3.0,7992.0,0.0,0.292140809,0.110670649,0.18147016,1326139.0,7.0,34.0,7.0,13.40917971659012,Moderate
Botad,GUJARAT,25,16.8,120.0,7.0,24.60182920028509,0.0,,921.0,22.0,2.0,10386.0,0.0,0.962947549,0.085839662,0.877107887,737921.0,17.0,38.0,1.0,13.385629591123912,Moderate
Kallakurichi,TAMIL NADU,10,9.6,16.0,12.5,6.275171533733382,0.0,,596.0,156.0,0.0,2738.0,0.0,1.726935239,0.016931089,1.71000415,1575629.0,10.0,20.0,4.0,13.373623675453258,Moderate
Tawang,ARUNACHAL PRADESH,31,5.967741935483871,62.0,1.0,11.347492736188443,0.0,,158.0,43.0,2.0,21.0,0.0,1.104117118,0.227751689,0.876365429,60141.0,6.0,92.0,8.0,13.365469548955232,Moderate
Udaipur,RAJASTHAN,32,13.84375,365.0,1.0,64.12191481605504,0.0,,728.0,18.0,0.0,76036.0,0.0,0.289382661,0.290943084,0.001560423,3607694.0,14.0,97.0,6.0,13.340999144048794,Moderate
Tiruppur,TAMIL NADU,13,7.076923076923077,16.0,5.0,5.894369325346839,0.0,,688.0,157.0,0.0,3985.0,0.0,0.635364224,0.084088984,0.55127524,3131866.0,8.0,20.0,4.0,13.330983392681423,Moderate
Sonipat,HARYANA,26,4.884615384615385,21.0,2.5,5.420899726627845,0.0,,170.0,20.0,0.0,0.0,0.0,0.905127272,0.0,0.905127272,1771137.0,6.0,22.0,5.0,13.321513999514549,Moderate
Karur,TAMIL NADU,13,6.923076923076923,16.0,4.0,5.978594294948416,0.0,,702.0,156.0,0.0,3948.0,0.0,1.785192578,0.062914047,1.722278531,1234912.0,7.0,23.0,4.0,13.300072728632385,Moderate
Bastar,CHHATTISGARH,5,3.6,7.0,3.0,2.4083189157584592,0.0,,13.0,6.0,0.0,0.0,0.0,1.887109361,0.254405482,1.632703879,948753.0,4.0,9.0,38.0,13.274181260306246,Moderate
Medak,TELANGANA,9,17.0,107.0,2.0,35.024991077800436,0.0,,58.0,9.0,0.0,6839.0,0.0,1.038975884,0.130629891,0.908345993,858985.0,14.0,38.0,1.0,13.270380934338942,Moderate
Gondiya,MAHARASHTRA,0,,,,,,,,,,,,1.020830235,0.911616345,0.10921389,1579976.0,5.0,35.0,10.0,13.257668751528763,Moderate
Sivaganga,TAMIL NADU,8,9.75,16.0,12.5,6.041522986797287,0.0,,575.0,156.0,0.0,2810.0,0.0,1.984480953,0.051279472,1.933201481,1534446.0,10.0,16.0,4.0,13.241569375849704,Moderate
Dausa,RAJASTHAN,10,39.2,365.0,2.5,114.49677336550192,0.0,,210.0,39.0,0.0,0.0,0.0,0.503371084,0.004574126,0.498796958,2162212.0,30.0,17.0,3.0,13.21177452936812,Moderate
Yamunanagar,HARYANA,22,3.227272727272727,14.0,2.0,3.766162859460897,0.0,,75.0,19.0,0.0,1600.0,0.0,5.773638579,0.042011596,5.731626983,1366309.0,5.0,11.0,5.0,13.206928094938394,Moderate
Mahisagar,GUJARAT,13,25.53846153846154,122.0,21.0,31.306589787176822,0.0,,978.0,36.0,2.0,17656.0,0.0,2.501932587,1.803625613,0.698306974,1041596.0,25.0,33.0,1.0,13.187004050682395,Moderate
Namakkal,TAMIL NADU,13,7.538461538461538,16.0,7.0,5.952805845640983,0.0,,732.0,156.0,0.0,3998.0,0.0,0.411626715,0.022086664,0.389540051,2030160.0,8.0,29.0,4.0,13.186444809565328,Moderate
Nizamabad,TELANGANA,16,5.75,31.0,1.0,9.869143833180262,0.0,,62.0,9.0,2.0,6906.0,0.0,1.414979667,1.37012829,0.044851377,1716963.0,8.0,95.0,1.0,13.178789742186606,Moderate
Warangal Urban,TELANGANA,0,,,,,,,,,,,,0.487587909,0.354480511,0.133107398,1152989.0,7.0,127.0,1.0,13.167522816940686,Moderate
Baudh,ODISHA,0,,,,,,,,,,,,2.608651472,0.899336006,1.709315466,520532.0,32.0,30.0,0.0,13.156021760829558,Moderate
Ramban,JAMMU & KASHMIR,9,1.0,1.0,1.0,0.0,0.0,,13.0,9.0,0.0,6.0,0.0,0.754358554,0.309949623,0.444408931,360350.0,5.0,49.0,18.0,13.13604914030907,Moderate
Bhind,MADHYA PRADESH,12,4.833333333333333,14.0,4.0,3.785938897200183,0.0,,143.0,0.0,0.0,2050.0,0.0,2.808721208,0.119319241,2.689401967,1937516.0,6.0,25.0,0.0,13.121998929581226,Moderate
Rajnandgaon,CHHATTISGARH,10,2.1,5.0,2.0,1.286683937707919,0.0,,54.0,17.0,0.0,42.0,0.0,0.602269912,0.353818517,0.248451395,1792617.0,2.0,23.0,14.0,13.118907039563627,Moderate
Subarnapur,ODISHA,13,17.615384615384617,31.0,16.0,11.722758929666552,0.0,,499.0,0.0,0.0,54011.0,0.0,3.493045358,1.212807104,2.280238254,663973.0,33.0,26.0,0.0,13.102763511412055,Moderate
Tapi,GUJARAT,25,18.52,120.0,7.0,24.93344474128408,0.0,,948.0,36.0,0.0,1333.0,0.0,3.084521179,2.984765412,0.099755767,952637.0,18.0,45.0,3.0,13.096050919214967,Moderate
Ariyalur,TAMIL NADU,14,6.857142857142857,16.0,4.0,5.668497872617413,0.0,,697.0,156.0,0.0,4018.0,0.0,2.450977499,0.08746038,2.363517119,772923.0,7.0,23.0,4.0,13.089804218720658,Moderate
Gwalior,MADHYA PRADESH,16,4.3125,14.0,3.5,3.321018919950121,0.0,,191.0,0.0,0.0,2035.0,0.0,0.637436542,0.480315571,0.157120971,2515503.0,5.0,46.0,2.0,13.086771542139497,Moderate
Bandipore,JAMMU & KASHMIR,0,,,,,,,,,,,,2.552861234,0.616409408,1.936451826,378179.0,7.0,30.0,4.0,13.083772934787342,Moderate
Faridabad,HARYANA,16,5.0625,16.0,3.0,5.065816814690401,0.0,,91.0,11.0,0.0,17.0,0.0,6.911149485,0.0,6.911149485,2383525.0,7.0,14.0,2.0,13.063797652273236,Moderate
Ramanagara,KARNATAKA,12,18.333333333333332,31.0,22.0,13.316656236958785,0.0,,617.0,34.0,0.0,9151.0,0.0,1.21544654,0.259579863,0.955866677,1168086.0,17.0,23.0,1.0,13.056740386416603,Moderate
Sonbhadra,UTTAR PRADESH,16,11.0625,89.0,2.0,21.992328207809198,0.0,,1703.0,0.0,0.0,4060.0,0.0,2.644815378,2.70977361,0.064958232,2259539.0,24.0,50.0,0.0,13.056183216198006,Moderate
Palamu,JHARKHAND,7,2.142857142857143,4.0,2.0,1.3451854182690985,0.0,,70.0,5.0,0.0,51.0,0.0,1.260455563,0.197368643,1.06308692,2294123.0,8.0,23.0,1.0,13.05444301227634,Moderate
Nuapada,ODISHA,12,17.833333333333332,31.0,17.5,12.141838510878095,0.0,,470.0,0.0,0.0,20794.0,0.0,1.647190051,0.35257892,1.294611131,702602.0,34.0,25.0,0.0,13.038948634816052,Moderate
Udupi,KARNATAKA,37,10.486486486486486,31.0,4.0,11.741714860609921,0.0,,968.0,76.0,50.0,9310.0,0.0,0.74927375,0.741689148,0.007584602,1144919.0,10.0,58.0,21.0,13.008514448906736,Moderate
Mansa,PUNJAB,25,4.16,26.0,2.0,5.428934824929595,0.0,,405.0,6.0,0.0,6293.0,0.0,2.763547618,0.004390434,2.759157184,742955.0,5.0,37.0,0.0,13.005437411372714,Moderate
West Kameng,ARUNACHAL PRADESH,80,4.175,17.0,1.0,4.719405133078382,0.0,,274.0,119.0,6.0,1072.0,0.0,1.93207052,0.043990415,1.888080105,99039.0,4.0,22.0,6.0,12.988574519395987,Moderate
Tumakuru,KARNATAKA,34,9.588235294117647,31.0,4.0,11.404724292387924,0.0,,792.0,89.0,0.0,11247.0,0.0,0.340404409,0.284595715,0.055808694,2774415.0,17.0,25.0,2.0,12.981699460911374,Moderate
Chamarajanagara,KARNATAKA,1,1.0,1.0,1.0,,0.0,,1.0,0.0,0.0,0.0,0.0,2.083532915,0.145853665,1.93767925,1089392.0,9.0,20.0,1.0,12.976241045034715,Moderate
Dharmapuri,TAMIL NADU,15,6.266666666666667,16.0,3.0,5.812138365606275,0.0,,747.0,156.0,0.0,4033.0,0.0,0.764553583,0.519672081,0.244881502,1771524.0,6.0,28.0,4.0,12.963906917019216,Moderate
Rajgarh,MADHYA PRADESH,11,4.181818181818182,14.0,3.0,3.919647479510927,0.0,,68.0,11.0,0.0,2000.0,0.0,0.937282124,0.464455125,0.472826999,1797738.0,5.0,21.0,3.0,12.960728774648368,Moderate
Damoh,MADHYA PRADESH,11,5.7272727272727275,17.0,4.0,5.274294437949195,0.0,,144.0,0.0,0.0,40000.0,0.0,1.37672163,0.183081246,1.193640384,1437365.0,6.0,26.0,0.0,12.953807470822902,Moderate
Mahoba,UTTAR PRADESH,13,12.76923076923077,89.0,1.0,24.21485028570225,0.0,,1564.0,10.0,0.0,3956.0,0.0,0.539052412,0.300865401,0.238187011,1077440.0,26.0,35.0,1.0,12.917103678722318,Moderate
Kupwara,JAMMU & KASHMIR,6,1.1666666666666667,2.0,1.0,0.408248290463863,0.0,,8.0,3.0,0.0,0.0,0.0,0.534056594,0.014099434,0.51995716,1053524.0,5.0,37.0,2.0,12.911015617775956,Moderate
East Khasi Hills,MEGHALAYA,16,2.3125,10.0,1.0,2.6259918760981216,0.0,,70.0,12.0,4.0,20.0,0.0,1.226830999,0.077062889,1.14976811,1005453.0,2.0,20.0,9.0,12.893531577652482,Moderate
Mumbai Suburban,MAHARASHTRA,24,2.125,10.0,1.0,2.0707591550590494,0.0,,599.0,137.0,0.0,2003.0,0.0,0.915654785,0.914657543,0.000997242,10791581.0,3.0,145.0,77.0,12.892295185056971,Moderate
Hanumangarh,RAJASTHAN,7,3.7142857142857144,7.0,3.0,2.288688541085317,0.0,,166.0,1.0,0.0,0.0,0.0,3.719727987,0.012851681,3.706876306,2002775.0,7.0,12.0,0.0,12.891351268862383,Moderate
Srinagar,JAMMU & KASHMIR,3,1.6666666666666667,3.0,1.0,1.1547005383792517,0.0,,0.0,0.0,1.0,40.0,0.0,1.003599347,0.724666434,0.278932913,904040.0,6.0,73.0,7.0,12.888221332606244,Moderate
Anugul,ODISHA,17,14.882352941176471,31.0,14.0,11.682692074930634,0.0,,655.0,0.0,0.0,54011.0,0.0,1.964959616,1.692681852,0.272277764,1393181.0,34.0,24.0,0.0,12.81414308699189,Moderate
Udham Singh Nagar,UTTARAKHAND,0,,,,,,,,,,,,2.061876849,0.785339181,1.276537668,2171345.0,2.0,26.0,3.0,12.813095833142514,Moderate
Karauli,RAJASTHAN,8,49.25,365.0,1.5,127.70138157883358,0.0,,105.0,3.0,0.0,0.0,0.0,0.633480722,0.197979321,0.435501401,1777972.0,35.0,10.0,3.0,12.785134804609754,Moderate
Burhanpur,MADHYA PRADESH,13,5.384615384615385,14.0,3.0,4.592357084302525,0.0,,105.0,15.0,0.0,2075.0,0.0,0.821960718,0.136420671,0.685540047,917654.0,6.0,15.0,10.0,12.778778889751598,Moderate
Perambalur,TAMIL NADU,15,7.533333333333333,16.0,7.0,5.462425764996284,0.0,,756.0,156.0,0.0,3998.0,0.0,0.714228873,0.002767237,0.711461636,600175.0,8.0,32.0,4.0,12.76838110171406,Moderate
Devbhumi Dwarka,GUJARAT,1,120.0,120.0,120.0,,0.0,,81.0,4.0,0.0,220.0,0.0,0.632384691,0.65675835,0.024373659,898223.0,20.0,59.0,2.0,12.768307391455854,Moderate
Gajapati,ODISHA,16,14.0625,31.0,8.5,12.44437623989246,0.0,,461.0,0.0,0.0,20756.0,0.0,0.776854184,0.1973271,0.579527084,638094.0,29.0,25.0,0.0,12.730445509094396,Moderate
Noney,MANIPUR,5,5.8,17.0,3.0,6.723094525588644,0.0,,56.0,18.0,5.0,0.0,0.0,2.73207358,0.05487921,2.67719437,58122.0,6.0,56.0,18.0,12.728499352537504,Moderate
Fazilka,PUNJAB,20,5.75,30.0,2.0,8.232637231742553,0.0,,91.0,6.0,0.0,14.0,0.0,4.742047502,0.0,4.742047502,1143916.0,7.0,13.0,0.0,12.711655400142604,Moderate
Kurukshetra,HARYANA,18,5.111111111111111,21.0,2.5,5.849976258261414,0.0,,158.0,8.0,0.0,0.0,0.0,5.505038063,0.003818992,5.501219071,1080970.0,7.0,17.0,0.0,12.69188176334306,Moderate
Jhunjhunun,RAJASTHAN,1,30.0,30.0,30.0,,0.0,,0.0,0.0,0.0,0.0,0.0,0.337331328,0.000184082,0.337147246,2449782.0,6.0,22.0,2.0,12.688618436513297,Moderate
Purbi Singhbhum,JHARKHAND,0,,,,,,,,,,,,1.736697053,0.089703785,1.646993268,2787911.0,3.0,32.0,0.0,12.645560586066884,Moderate
Ranipet,TAMIL NADU,8,9.75,16.0,12.5,6.041522986797287,0.0,,575.0,156.0,0.0,2738.0,0.0,1.50587668,0.142824545,1.363052135,1198951.0,10.0,16.0,4.0,12.643814299855505,Moderate
Fatehabad,HARYANA,12,3.0833333333333335,14.0,2.0,3.7284735685686647,0.0,,55.0,14.0,0.0,1600.0,0.0,9.544000142,0.0,9.544000142,1056284.0,6.0,4.0,6.0,12.608094599668735,Moderate
Faridkot,PUNJAB,27,4.37037037037037,26.0,2.0,5.2561183992353735,0.0,,90.0,7.0,0.0,39.0,0.0,4.441457773,0.0,4.441457773,659286.0,5.0,15.0,1.0,12.569999024995894,Moderate
Nalgonda,TELANGANA,6,7.166666666666667,30.0,2.0,11.409060726749889,0.0,,56.0,9.0,0.0,6825.0,0.0,1.110181564,1.121014225,0.010832661,1795837.0,8.0,67.0,2.0,12.523449573878914,Moderate
Tirupathur,TAMIL NADU,7,11.0,16.0,14.0,5.291502622129181,0.0,,575.0,156.0,0.0,2738.0,0.0,0.890009742,0.007876167,0.882133575,1329320.0,11.0,16.0,4.0,12.510208774828982,Moderate
North,DELHI,17,2.0,7.0,1.0,2.1213203435596424,0.0,,53.0,44.0,0.0,25.0,0.0,1.725427554,0.0,1.725427554,2128488.0,3.0,19.0,9.0,12.505519713351603,Moderate
Dohad,GUJARAT,0,,,,,,,,,,,,0.331645594,0.201923678,0.129721916,2742293.0,25.0,25.0,0.0,12.50521505039512,Moderate
Bageshwar,UTTARAKHAND,8,1.5,4.0,1.0,1.0690449676496976,0.0,,114.0,28.0,5.0,25.0,0.0,0.57268385,0.001914048,0.570769802,256564.0,2.0,40.0,13.0,12.479758572738648,Moderate
Chhatarpur,MADHYA PRADESH,13,5.461538461538462,14.0,4.0,4.5573271518765,0.0,,142.0,0.0,0.0,45000.0,0.0,1.27766675,0.251215844,1.026450906,2100270.0,6.0,12.0,0.0,12.460824774657857,Moderate
Karimnagar,TELANGANA,15,4.4,30.0,2.0,7.375635565834309,0.0,,59.0,9.0,0.0,6824.0,0.0,1.016544336,1.029366402,0.012822066,1113366.0,7.0,140.0,1.0,12.450590881962183,Moderate
Tenkasi,TAMIL NADU,7,11.0,16.0,14.0,5.291502622129181,0.0,,575.0,156.0,0.0,2738.0,0.0,0.457961738,0.050554592,0.407407146,1653931.0,11.0,16.0,4.0,12.438608592591056,Moderate
Mahabubnagar,TELANGANA,9,2.111111111111111,8.0,1.0,2.3154073315749675,0.0,,4.0,0.0,0.0,0.0,0.0,0.520380467,0.103573838,0.416806629,1071711.0,6.0,40.0,0.0,12.413518304684972,Moderate
Ratlam,MADHYA PRADESH,9,4.222222222222222,14.0,2.0,4.437842318564782,0.0,,85.0,1.0,0.0,2000.0,0.0,0.690751655,0.102150461,0.588601194,1682145.0,6.0,24.0,0.0,12.364180423938164,Moderate
Bagalkote,KARNATAKA,3,1.0,1.0,1.0,0.0,0.0,,6.0,8.0,0.0,0.0,0.0,1.462562203,1.460163536,0.002398667,2065589.0,14.0,67.0,4.0,12.352264924637735,Moderate
Seoni,MADHYA PRADESH,15,5.266666666666667,14.0,3.0,5.119523787377475,0.0,,117.0,0.0,0.0,2000.0,0.0,1.235483561,0.815741223,0.419742338,1600897.0,5.0,18.0,0.0,12.338171071605162,Moderate
Jharsuguda,ODISHA,14,15.928571428571429,31.0,14.0,11.090288792204895,0.0,,623.0,0.0,0.0,51660.0,0.0,2.936283719,3.100195768,0.163912049,621362.0,31.0,44.0,0.0,12.322353113292673,Moderate
Dungarpur,RAJASTHAN,10,38.8,365.0,2.0,114.62770655958842,0.0,,163.0,39.0,0.0,0.0,0.0,0.586707161,0.388930127,0.197777034,1670388.0,30.0,10.0,3.0,12.3151833538887,Moderate
Alipurduar,WEST BENGAL,0,,,,,,,,,,,,4.056971682,0.017650059,4.039321623,1381430.0,5.0,19.0,0.0,12.287153516516195,Moderate
Hardwar,UTTARAKHAND,0,,,,,,,,,,,,2.049997612,0.174571933,1.875425679,2449262.0,6.0,15.0,0.0,12.275895813177405,Moderate
Osmanabad,MAHARASHTRA,0,,,,,,,,,,,,0.279521656,0.27922672,0.000294936,1913512.0,4.0,137.0,10.0,12.274168152976904,Moderate
Champawat,UTTARAKHAND,4,1.75,4.0,1.0,1.5,0.0,,97.0,29.0,5.0,25.0,0.0,1.472908997,0.256522301,1.216386696,293584.0,2.0,26.0,14.0,12.273131236919184,Moderate
Narsimhapur,MADHYA PRADESH,8,6.5,14.0,5.0,5.0142653642240695,0.0,,151.0,0.0,0.0,2654.0,0.0,2.214872889,0.238163477,1.976709412,1275736.0,7.0,14.0,0.0,12.272207128992587,Moderate
Jagatsinghapur,ODISHA,15,16.933333333333334,31.0,14.0,11.189706153850683,0.0,,681.0,0.0,0.0,54160.0,0.0,3.152171799,3.230232986,0.078061187,1268480.0,31.0,44.0,0.0,12.26514761315928,Moderate
Mahasamund,CHHATTISGARH,4,4.25,6.0,4.0,1.5000000000000002,0.0,,20.0,115.0,0.0,0.0,0.0,0.960933082,0.333392516,0.627540566,1179980.0,4.0,5.0,56.0,12.26337002920788,Moderate
Moga,PUNJAB,24,5.25,30.0,2.0,7.617200215987157,0.0,,96.0,12.0,0.0,14.0,0.0,2.73145838,0.0,2.73145838,1027279.0,6.0,8.0,1.0,12.249494272419687,Moderate
West Khasi Hills,MEGHALAYA,11,2.727272727272727,10.0,1.0,3.0689056385268376,0.0,,63.0,8.0,1.0,20.0,0.0,1.198133343,0.006185816,1.191947527,341864.0,3.0,18.0,5.0,12.234504460081457,Moderate
Panipat,HARYANA,17,4.117647058823529,14.0,2.0,3.9032414885127285,0.0,,143.0,8.0,0.0,1850.0,0.0,1.825319296,0.0,1.825319296,1456085.0,6.0,19.0,0.0,12.229658578335464,Moderate
Lalitpur,UTTAR PRADESH,14,12.285714285714286,89.0,1.5,23.335112438715022,0.0,,1571.0,23.0,0.0,3964.0,0.0,1.497263878,1.506086959,0.008823081,1495673.0,25.0,35.0,4.0,12.22704290043755,Moderate
Vijayapura,KARNATAKA,12,7.5,31.0,5.0,8.60760762877288,0.0,,857.0,35.0,0.0,7562.0,0.0,0.883343513,0.871904394,0.011439119,2612195.0,8.0,45.0,1.0,12.22306824443187,Moderate
Dhar,MADHYA PRADESH,15,4.266666666666667,14.0,2.0,4.350150517374027,0.0,,145.0,0.0,0.0,2000.0,0.0,0.815779757,0.487835201,0.327944556,2722423.0,5.0,14.0,0.0,12.222735675425495,Moderate
Malkangiri,ODISHA,16,15.0,31.0,12.0,11.921968517544965,0.0,,518.0,0.0,0.0,55327.0,0.0,1.711137196,1.784198785,0.073061589,757865.0,29.0,30.0,0.0,12.198866393642604,Moderate
Unokoti,TRIPURA,0,,,,,,,,,,,,23.62357053,0.001642557,23.62192797,370767.0,4.0,10.0,1.0,12.194018533074011,Moderate
Una,HIMACHAL PRADESH,51,5.588235294117647,99.0,2.0,14.758287801216285,0.0,,650.0,24.0,5.0,18030.0,0.0,0.647137511,0.628882095,0.018255416,573625.0,6.0,65.0,5.0,12.186777576748492,Moderate
Fatehgarh Sahib,PUNJAB,24,4.083333333333333,26.0,2.0,5.5003293709018735,0.0,,381.0,8.0,0.0,6293.0,0.0,0.476176498,0.0,0.476176498,640240.0,5.0,37.0,1.0,12.183871093468309,Moderate
Barwani,MADHYA PRADESH,9,6.444444444444445,14.0,4.0,5.002777006601211,0.0,,82.0,6.0,1.0,2003.0,0.0,0.86377453,0.58771354,0.27606099,1771460.0,6.0,7.0,10.0,12.157796682598162,Moderate
North District,SIKKIM,0,,,,,,,,,,,,0.608832673,0.545185157,0.063647516,44583.0,3.0,88.0,16.0,12.129733510221849,Moderate
West Garo Hills,MEGHALAYA,18,3.0,10.0,1.0,3.1808249022578297,0.0,,120.0,1.0,0.0,20.0,0.0,1.111942423,0.032280391,1.079662032,701102.0,3.0,28.0,0.0,12.11627981147293,Moderate
Thoothukkudi,TAMIL NADU,20,6.0,16.0,4.0,4.994734069102442,0.0,,835.0,156.0,0.0,4316.0,0.0,0.991755053,1.009030229,0.017275176,1817973.0,6.0,34.0,4.0,12.099855590037578,Moderate
Kamrup Metropolitan,ASSAM,0,,,,,,,,,,,,14.80454405,1.622970103,13.18157395,1437551.0,1.0,7.0,2.0,12.092662660538268,Moderate
Rajsamand,RAJASTHAN,9,42.55555555555556,365.0,2.0,120.9277791815337,0.0,,148.0,0.0,0.0,0.0,0.0,0.253865414,0.088450607,0.165414807,1353032.0,32.0,17.0,0.0,12.045072167700985,Moderate
South West,DELHI,15,1.7333333333333334,7.0,1.0,1.791514389985135,0.0,,51.0,39.0,0.0,25.0,0.0,3.339650881,0.0,3.339650881,1719303.0,3.0,13.0,4.0,12.004899852874884,Moderate
Hingoli,MAHARASHTRA,29,3.8620689655172415,10.0,3.0,2.9120947042468357,0.0,,957.0,80.0,0.0,12103.0,0.0,1.332394248,1.334570744,0.002176496,1419813.0,4.0,82.0,5.0,11.971959816564476,Moderate
Tarn Taran,PUNJAB,20,5.5,30.0,2.0,8.268519882822535,0.0,,69.0,6.0,0.0,14.0,0.0,5.771552223,0.165720765,5.605831458,1251033.0,6.0,5.0,0.0,11.93121167916792,Moderate
Harda,MADHYA PRADESH,11,4.636363636363637,14.0,4.0,3.529099807960304,0.0,,104.0,8.0,0.0,2075.0,0.0,1.414901297,0.286810929,1.128090368,669689.0,6.0,9.0,3.0,11.890187891324528,Moderate
West District,SIKKIM,0,,,,,,,,,,,,0.75096604,0.065150406,0.685815634,133590.0,3.0,23.0,12.0,11.83245566150928,Moderate
Theni,TAMIL NADU,14,8.285714285714286,16.0,9.0,5.992669514672731,0.0,,708.0,159.0,0.0,3998.0,0.0,0.346368373,0.314606199,0.031762174,1406691.0,8.0,23.0,5.0,11.776661030227343,Moderate
Sri Muktsar Sahib,PUNJAB,1,1.0,1.0,1.0,,0.0,,0.0,0.0,0.0,0.0,0.0,2.388794655,0.000403704,2.388390951,1149045.0,7.0,6.0,0.0,11.775474642293869,Moderate
Gomati,TRIPURA,19,4.421052631578948,21.0,2.0,5.336621793208011,0.0,,83.0,10.0,0.0,0.0,0.0,2.520489489,0.002801781,2.517687708,559331.0,4.0,10.0,1.0,11.77133230588312,Moderate
Chota Udaipur,GUJARAT,13,16.23076923076923,31.0,14.0,12.689587898180186,0.0,,695.0,11.0,0.0,1113.0,0.0,0.859683354,0.747200646,0.112482708,1206205.0,16.0,22.0,0.0,11.771129154593742,Moderate
Mandla,MADHYA PRADESH,8,8.625,14.0,9.5,4.926241685388278,0.0,,93.0,0.0,0.0,2000.0,0.0,1.57739714,0.911846658,0.665550482,1110768.0,7.0,10.0,0.0,11.733446041493288,Moderate
Shupiyan,JAMMU & KASHMIR,0,,,,,,,,,,,,1.082625131,0.002022763,1.080602368,391024.0,6.0,32.0,1.0,11.718809232418751,Moderate
North Goa,GOA,15,4.133333333333334,31.0,1.0,7.651952754191635,0.0,,6.0,8.0,0.0,0.0,0.0,4.159637042,2.577757251,1.581879791,718288.0,4.0,7.0,4.0,11.69334031962348,Moderate
South Goa,GOA,18,15.777777777777779,214.0,1.0,49.97241068895274,0.0,,4.0,8.0,0.0,0.0,0.0,2.764330826,0.971762276,1.79256855,857449.0,16.0,2.0,4.0,11.68967796451052,Moderate
Kargil,LADAKH,1,1.0,1.0,1.0,,0.0,,5.0,0.0,0.0,0.0,0.0,0.468179461,0.181839586,0.286339875,154801.0,1.0,46.0,1.0,11.688354952761175,Moderate
Bhopal,MADHYA PRADESH,37,2.945945945945946,14.0,2.0,3.205428953318849,0.0,,253.0,25.0,0.0,41853.0,0.0,0.626374883,0.626869321,0.000494438,2938719.0,4.0,64.0,13.0,11.67764066032228,Moderate
Shivpuri,MADHYA PRADESH,9,5.666666666666667,14.0,7.0,4.0,0.0,,132.0,0.0,0.0,2000.0,0.0,0.728096946,0.56739149,0.160705456,2047132.0,6.0,13.0,0.0,11.667533409556553,Moderate
Panchkula,HARYANA,22,2.6818181818181817,14.0,2.0,2.8180770822598946,0.0,,82.0,18.0,0.0,0.0,0.0,0.322349702,0.040273471,0.282076231,597239.0,4.0,18.0,6.0,11.642563713114605,Moderate
Mulugu,TELANGANA,3,3.6666666666666665,8.0,2.0,3.785938897200183,0.0,,16.0,0.0,0.0,0.0,0.0,2.920152054,0.667449464,2.25270259,308187.0,8.0,17.0,0.0,11.639663312410365,Moderate
Jayashankar,TELANGANA,0,,,,,,,,,,,,5.683848444,0.464301349,5.219547095,423171.0,18.0,4.0,1.0,11.63604258574657,Moderate
Shahid Bhagat Singh Nagar,PUNJAB,18,4.333333333333333,26.0,1.5,6.24028656958863,0.0,,58.0,6.0,0.0,0.0,0.0,10.97305613,0.067246598,10.90580953,636289.0,6.0,5.0,0.0,11.623164130923987,Moderate
South Tripura,TRIPURA,24,4.166666666666667,21.0,1.5,4.96655480858378,0.0,,88.0,12.0,0.0,0.0,0.0,0.931395601,0.0,0.931395601,415745.0,4.0,12.0,2.0,11.614260287187228,Moderate
Gurugram,HARYANA,13,4.615384615384615,14.0,3.0,4.555920352290002,0.0,,72.0,8.0,0.0,0.0,0.0,1.190106782,0.025213178,1.164893604,2517256.0,7.0,9.0,0.0,11.613218485059855,Moderate
Mandsaur,MADHYA PRADESH,12,4.166666666666667,14.0,3.5,3.737605780402338,0.0,,149.0,3.0,0.0,2000.0,0.0,1.435703116,1.47147063,0.035767514,1424619.0,5.0,27.0,1.0,11.601043157916012,Moderate
Ribhoi,MEGHALAYA,0,,,,,,,,,,,,1.874505797,0.159366599,1.715139198,389832.0,3.0,14.0,1.0,11.56983751271364,Moderate
Lohit,ARUNACHAL PRADESH,37,6.297297297297297,62.0,4.0,10.389270279328425,0.0,,80.0,31.0,2.0,122.0,0.0,2.719050727,0.57149925,2.147551477,51927.0,6.0,14.0,1.0,11.565889287647884,Moderate
South District,SIKKIM,0,,,,,,,,,,,,1.694907072,0.18276756,1.512139512,164403.0,4.0,19.0,4.0,11.559174791160126,Moderate
Central,DELHI,15,1.3333333333333333,5.0,1.0,1.0465362369445672,0.0,,21.0,48.0,0.0,25.0,0.0,7.250541685,0.0,7.250541685,1667718.0,3.0,5.0,13.0,11.556032138850329,Moderate
Kulgam,JAMMU & KASHMIR,2,1.0,1.0,1.0,0.0,0.0,,0.0,0.0,0.0,0.0,0.0,0.367091191,0.344100009,0.022991182,578651.0,6.0,49.0,7.0,11.544190820352002,Moderate
Samba,JAMMU & KASHMIR,2,1.5,2.0,1.5,0.7071067811865476,0.0,,2.0,0.0,0.0,0.0,0.0,0.669356657,0.039351707,0.63000495,433040.0,6.0,33.0,0.0,11.523626947400388,Moderate
Kurung Kumey,ARUNACHAL PRADESH,24,4.291666666666667,17.0,1.5,4.427966131077677,0.0,,67.0,33.0,3.0,16.0,0.0,0.581168345,0.025194178,0.555974167,77223.0,4.0,17.0,3.0,11.510044988050431,Moderate
Datia,MADHYA PRADESH,7,5.571428571428571,14.0,4.0,4.353433237386437,0.0,,98.0,0.0,0.0,2035.0,0.0,2.46515688,0.299925165,2.165231715,955153.0,6.0,9.0,0.0,11.492406961849484,Moderate
Panna,MADHYA PRADESH,7,5.285714285714286,14.0,4.0,4.535573676110727,0.0,,110.0,0.0,0.0,40000.0,0.0,0.90658603,0.165583402,0.741002628,1214594.0,7.0,8.0,0.0,11.464881114149012,Low
Giridih,JHARKHAND,4,4.5,14.0,1.5,6.3508529610858835,0.0,,61.0,0.0,0.0,0.0,0.0,0.488850861,0.045970652,0.442880209,3023152.0,4.0,12.0,0.0,11.462058703328612,Low
Thoubal,MANIPUR,9,4.555555555555555,17.0,3.0,5.2704627669473,0.0,,15.0,5.0,0.0,200.0,0.0,23.65742483,0.052982735,23.6044421,325077.0,5.0,7.0,2.0,11.46109993778033,Low
Durg,CHHATTISGARH,9,1.6666666666666667,3.0,2.0,0.7071067811865476,0.0,,37.0,0.0,0.0,42.0,0.0,1.029480865,0.598727155,0.43075371,2010685.0,2.0,16.0,0.0,11.387358838485303,Low
Katni,MADHYA PRADESH,7,5.714285714285714,14.0,4.0,4.191828786034631,0.0,,157.0,0.0,0.0,40000.0,0.0,1.074565636,0.544194583,0.530371053,1481656.0,6.0,10.0,0.0,11.376302525668784,Low
Kamareddy,TELANGANA,1,30.0,30.0,30.0,,0.0,,49.0,9.0,0.0,6733.0,0.0,1.880129371,0.928824065,0.951305306,1051890.0,20.0,6.0,1.0,11.365235920129477,Low
Singrauli,MADHYA PRADESH,6,6.833333333333333,14.0,7.0,4.070217029430576,0.0,,89.0,0.0,0.0,2000.0,0.0,1.521857949,0.715195816,0.806662133,1558134.0,8.0,6.0,0.0,11.286876313176668,Low
Lunglei,MIZORAM,8,3.625,17.0,1.0,5.578978401105349,0.0,,63.0,0.0,0.0,0.0,0.0,2.6734292,0.01244799,2.66098121,188482.0,4.0,12.0,0.0,11.271881135911611,Low
Lawngtlai,MIZORAM,7,3.4285714285714284,17.0,1.0,5.996030432909839,0.0,,63.0,2.0,0.0,0.0,0.0,2.814060532,0.021722019,2.792338513,149520.0,3.0,12.0,2.0,11.266585849948353,Low
Champhai,MIZORAM,10,2.7,17.0,1.0,5.034326612809744,0.0,,60.0,8.0,0.0,0.0,0.0,0.919185436,0.0,0.919185436,136805.0,3.0,9.0,8.0,11.253727492530876,Low
Changlang,ARUNACHAL PRADESH,22,4.545454545454546,17.0,4.0,4.404837954181447,0.0,,54.0,31.0,2.0,16.0,0.0,2.538486995,0.021259348,2.517227647,183018.0,5.0,4.0,1.0,11.251637398872711,Low
Ashoknagar,MADHYA PRADESH,9,4.666666666666667,14.0,4.0,4.183300132670378,0.0,,101.0,10.0,0.0,2000.0,0.0,1.106305566,0.886532248,0.219773318,1071470.0,6.0,6.0,4.0,11.23645822753216,Low
Tamenglong,MANIPUR,7,4.714285714285714,17.0,3.0,5.82277956862201,0.0,,17.0,5.0,2.0,0.0,0.0,1.701837152,0.006002374,1.695834778,139509.0,5.0,11.0,2.0,11.226699133445404,Low
Debagarh,ODISHA,0,,,,,,,,,,,,2.166747854,2.19247626,0.025728406,351390.0,32.0,36.0,0.0,11.204453176669588,Low
Chatra,JHARKHAND,8,2.0,4.0,1.5,1.1952286093343936,0.0,,47.0,12.0,0.0,22.0,0.0,0.37639693,0.036811514,0.339585416,1313082.0,2.0,8.0,3.0,11.172518237918649,Low
Sheopur,MADHYA PRADESH,7,6.0,14.0,7.0,4.320493798938574,0.0,,88.0,0.0,0.0,2000.0,0.0,1.417634793,0.185883526,1.231751267,890783.0,7.0,5.0,0.0,11.164904277475754,Low
Dhalai,TRIPURA,23,4.391304347826087,21.0,2.0,4.988524380422647,0.0,,87.0,10.0,0.0,0.0,0.0,1.167627679,0.830802532,0.336825147,436885.0,4.0,12.0,1.0,11.161184783193038,Low
Godda,JHARKHAND,4,1.75,3.0,1.5,0.9574271077563381,0.0,,36.0,0.0,0.0,0.0,0.0,0.351053647,0.042063828,0.308989819,1541633.0,5.0,16.0,0.0,11.1329118351489,Low
Upper Subansiri,ARUNACHAL PRADESH,0,,,,,,,,,,,,1.234996868,0.078758779,1.156238089,119722.0,7.0,5.0,1.0,11.125065157677906,Low
Barnala,PUNJAB,19,5.684210526315789,30.0,2.0,8.452827479468679,0.0,,69.0,6.0,0.0,14.0,0.0,1.6671773,0.0,1.6671773,684088.0,7.0,6.0,0.0,11.104807807396751,Low
Sahibganj,JHARKHAND,0,,,,,,,,,,,,8.050315684,2.307096524,5.74321916,1863699.0,5.0,3.0,0.0,11.06901446570178,Low
Gumla,JHARKHAND,5,4.4,14.0,2.0,5.504543577809153,0.0,,46.0,0.0,0.0,0.0,0.0,0.738034735,0.061045269,0.676989466,1266667.0,4.0,8.0,0.0,11.057680028059243,Low
Garhwa,JHARKHAND,7,2.2857142857142856,3.0,2.0,0.7559289460184544,0.0,,60.0,0.0,0.0,1.0,0.0,0.838209479,0.290692695,0.547516784,1689634.0,2.0,10.0,0.0,11.04842383413576,Low
Uttar Bastar Kanker,CHHATTISGARH,0,,,,,,,,,,,,0.836672614,0.106473076,0.730199538,868469.0,1.0,7.0,2.0,11.025433919960095,Low
Kra Daadi,ARUNACHAL PRADESH,21,4.571428571428571,17.0,3.0,4.533998550633078,0.0,,57.0,32.0,2.0,16.0,0.0,1.846265574,0.008415915,1.837849659,93220.0,5.0,7.0,2.0,11.01656951844341,Low
Kanniyakumari,TAMIL NADU,4,2.25,4.0,2.0,1.5000000000000002,0.0,,110.0,0.0,0.0,1210.0,0.0,0.216023548,0.214453049,0.001570499,2092603.0,6.0,50.0,5.0,11.01336275465019,Low
Lahul & Spiti,HIMACHAL PRADESH,0,,,,,,,,,,,,0.310107104,0.321979852,0.011872748,31023.0,6.0,58.0,1.0,10.96578019019641,Low
West,DELHI,15,1.3333333333333333,5.0,1.0,1.0465362369445672,0.0,,18.0,41.0,0.0,25.0,0.0,5.312905892,0.0,5.312905892,3053772.0,3.0,2.0,6.0,10.94354846228993,Low
Khowai,TRIPURA,20,4.4,21.0,2.0,5.195139428755549,0.0,,83.0,10.0,0.0,0.0,0.0,0.889218209,0.0,0.889218209,324410.0,4.0,10.0,1.0,10.896522224413973,Low
Tikamgarh,MADHYA PRADESH,9,4.333333333333333,14.0,3.0,4.0620192023179795,0.0,,91.0,0.0,0.0,7000.0,0.0,0.397359874,0.123153605,0.274206269,1216750.0,6.0,9.0,0.0,10.89427204404565,Low
Vikarabad,TELANGANA,6,7.166666666666667,30.0,2.0,11.409060726749887,0.0,,53.0,9.0,0.0,6733.0,0.0,0.271652781,0.187043402,0.084609379,1308948.0,9.0,10.0,1.0,10.890505293328674,Low
Satna,MADHYA PRADESH,10,4.9,14.0,4.0,3.8715486421958962,0.0,,184.0,0.0,0.0,40000.0,0.0,0.676054775,0.682682458,0.006627683,2619145.0,6.0,28.0,0.0,10.888948730776102,Low
Sipahijala,TRIPURA,0,,,,,,,,,,,,0.601362713,0.003254841,0.598107872,477873.0,4.0,10.0,1.0,10.887426944928729,Low
Narayanpet,TELANGANA,5,1.8,3.0,1.0,1.0954451150103321,0.0,,10.0,0.0,0.0,0.0,0.0,1.584991037,0.815999907,0.76899113,669576.0,5.0,11.0,0.0,10.866879335501324,Low
Pathankot,PUNJAB,20,5.5,30.0,2.0,8.268519882822535,0.0,,69.0,6.0,0.0,14.0,0.0,2.474306677,1.207937139,1.266369538,713016.0,7.0,6.0,0.0,10.849183480056968,Low
South Garo Hills,MEGHALAYA,7,3.4285714285714284,8.0,2.0,2.9920529661723823,0.0,,103.0,0.0,0.0,0.0,0.0,1.298508569,0.025829871,1.272678698,190314.0,3.0,20.0,0.0,10.843939023790394,Low
Shajapur,MADHYA PRADESH,8,4.875,14.0,4.0,4.086126352846736,0.0,,83.0,0.0,0.0,2000.0,0.0,0.571010644,0.057503291,0.513507353,1036523.0,6.0,7.0,0.0,10.84349368116641,Low
Dindori,MADHYA PRADESH,8,6.625,14.0,5.5,5.3967582862307255,0.0,,69.0,0.0,0.0,2000.0,0.0,1.451159302,0.207929959,1.243229343,917721.0,7.0,3.0,0.0,10.83104980705238,Low
Janjgir - Champa,CHHATTISGARH,0,,,,,,,,,,,,2.305607554,0.376710728,1.928896826,2018726.0,2.0,2.0,2.0,10.791229865876428,Low
Medchal Malkajgiri,TELANGANA,2,16.0,30.0,16.0,19.79898987322333,0.0,,49.0,9.0,0.0,6733.0,0.0,0.338814937,0.108188415,0.230626522,3917267.0,15.0,6.0,1.0,10.786006196303363,Low
Surguja,CHHATTISGARH,6,1.3333333333333333,3.0,1.0,0.816496580927726,0.0,,38.0,2.0,0.0,55.0,0.0,0.479102379,0.278929567,0.200172812,971194.0,1.0,12.0,2.0,10.750021653536365,Low
Lower Subansiri,ARUNACHAL PRADESH,1,1.0,1.0,1.0,,0.0,,37.0,0.0,0.0,0.0,0.0,0.836132857,0.006756278,0.829376579,99671.0,5.0,12.0,1.0,10.74706790781616,Low
Washim,MAHARASHTRA,75,3.5733333333333333,31.0,3.0,4.0841596884010745,0.0,,763.0,82.0,0.0,14320.0,0.0,0.392447344,0.392373985,7.34e-05,1362768.0,4.0,62.0,6.0,10.734974523913712,Low
Jhajjar,HARYANA,9,3.7777777777777777,14.0,2.0,4.1163630117428225,0.0,,61.0,8.0,0.0,0.0,0.0,1.433630243,0.004170675,1.429459568,999200.0,7.0,4.0,0.0,10.71628017524838,Low
East Garo Hills,MEGHALAYA,9,3.7777777777777777,9.0,2.0,3.3458099833141217,0.0,,108.0,1.0,0.0,0.0,0.0,0.691122728,0.004744409,0.686378319,188522.0,4.0,20.0,0.0,10.696820929375155,Low
South West Garo Hills,MEGHALAYA,7,4.714285714285714,10.0,4.0,3.638419332360584,0.0,,92.0,0.0,0.0,20.0,0.0,3.341603843,0.001275329,3.340328514,161524.0,5.0,13.0,0.0,10.671036900750009,Low
Neemuch,MADHYA PRADESH,6,5.166666666666667,14.0,3.5,4.79235502302017,0.0,,68.0,2.0,0.0,2000.0,0.0,1.80618778,1.853193024,0.047005244,905934.0,6.0,14.0,1.0,10.664636960132986,Low
Ramgarh,JHARKHAND,6,1.5,3.0,1.0,0.8366600265340756,0.0,,24.0,16.0,0.0,16.0,0.0,0.955188073,0.516207464,0.438980609,1068909.0,2.0,4.0,11.0,10.627312499651268,Low
Rewari,HARYANA,11,3.272727272727273,14.0,2.0,3.8494391563163872,0.0,,61.0,8.0,0.0,0.0,0.0,0.830835644,0.002779906,0.828055738,1012074.0,6.0,5.0,0.0,10.597251089448347,Low
Dumka,JHARKHAND,2,1.5,2.0,1.5,0.7071067811865476,0.0,,15.0,0.0,0.0,0.0,0.0,0.826039058,0.598250003,0.227789055,1522340.0,6.0,8.0,0.0,10.5848069481936,Low
Namsai,ARUNACHAL PRADESH,17,4.705882352941177,17.0,1.0,4.921441682606238,0.0,,54.0,31.0,2.0,16.0,0.0,4.082402322,0.299110207,3.783292115,120106.0,5.0,4.0,1.0,10.56352688594745,Low
Sidhi,MADHYA PRADESH,4,6.75,14.0,5.5,5.251983752196243,0.0,,68.0,0.0,0.0,2000.0,0.0,2.184368869,0.402325215,1.782043654,1292335.0,8.0,2.0,0.0,10.556680246809432,Low
North Garo Hills,MEGHALAYA,6,5.333333333333333,10.0,5.5,3.559026084010437,0.0,,92.0,0.0,0.0,20.0,0.0,1.505747627,0.0,1.505747627,191024.0,5.0,13.0,0.0,10.473013602064915,Low
Hyderabad,TELANGANA,14,8.071428571428571,30.0,2.0,11.990151636394607,0.0,,53.0,11.0,0.0,6733.0,0.0,0.522269753,0.52199262,0.000277133,3345250.0,7.0,101.0,4.0,10.461370494449875,Low
Lower Dibang Valley,ARUNACHAL PRADESH,22,4.2727272727272725,17.0,2.5,4.431293675255978,0.0,,66.0,31.0,2.0,48.0,0.0,1.560368914,0.162468901,1.397900013,59491.0,4.0,5.0,1.0,10.435148428163515,Low
New Delhi,DELHI,11,1.8181818181818181,7.0,1.0,1.7786613965666325,0.0,,26.0,6.0,0.0,0.0,0.0,0.014199219,0.0,0.014199219,1064852.0,3.0,21.0,20.0,10.399872325032984,Low
Anjaw,ARUNACHAL PRADESH,20,4.45,17.0,1.0,4.695742752749559,0.0,,66.0,31.0,3.0,16.0,0.0,1.599292296,0.251543379,1.347748917,24066.0,5.0,5.0,1.0,10.331746414673855,Low
Palwal,HARYANA,8,4.0,14.0,2.5,4.342481186734475,0.0,,53.0,8.0,0.0,0.0,0.0,1.788990887,0.0,1.788990887,1312139.0,7.0,2.0,0.0,10.310952075785933,Low
Pashchimi Singhbhum,JHARKHAND,0,,,,,,,,,,,,0.910148694,0.04196336,0.868185334,1744372.0,3.0,2.0,0.0,10.306841150931811,Low
Siang,ARUNACHAL PRADESH,17,4.705882352941177,17.0,1.0,4.921441682606238,0.0,,54.0,31.0,2.0,16.0,0.0,2.518308001,0.498407734,2.019900267,48365.0,5.0,4.0,1.0,10.300113768441996,Low
Nabarangapur,ODISHA,0,,,,,,,,,,,,0.945022433,0.509433477,0.435588956,1425811.0,8.0,3.0,0.0,10.296490508721549,Low
Bhadradri Kothagudem,TELANGANA,6,2.6666666666666665,8.0,1.5,2.7325202042558927,0.0,,2.0,0.0,0.0,1.0,0.0,1.367448139,0.625093908,0.742354231,1149137.0,8.0,2.0,0.0,10.291820822002276,Low
Muzaffarabad,JAMMU & KASHMIR,2,14.5,22.0,14.5,10.606601717798213,0.0,,268.0,0.0,0.0,0.0,0.0,0.705240174,0.275433011,0.429807163,9108.0,8.0,29.0,0.0,10.252418880453558,Low
Imphal East,MANIPUR,12,4.833333333333333,17.0,3.0,4.764133677487409,0.0,,5.0,0.0,5.0,200.0,0.0,11.82536756,0.032628883,11.79273868,434974.0,5.0,2.0,0.0,10.245482380946884,Low
Jhabua,MADHYA PRADESH,10,7.1,14.0,5.5,5.363456596884761,0.0,,86.0,0.0,0.0,2000.0,0.0,0.409073564,0.130395664,0.2786779,1290473.0,7.0,3.0,0.0,10.24113162541924,Low
Mungeli,CHHATTISGARH,2,2.0,3.0,2.0,1.4142135623730951,0.0,,7.0,4.0,0.0,0.0,0.0,2.354397777,0.519156343,1.835241434,784748.0,2.0,2.0,4.0,10.213543018484753,Low
Alirajpur,MADHYA PRADESH,8,4.125,14.0,2.5,4.48608961123159,0.0,,74.0,0.0,0.0,2004.0,0.0,0.872416618,0.738663983,0.133752635,917115.0,5.0,7.0,0.0,10.19595043322708,Low
Deoghar,JHARKHAND,3,1.3333333333333333,2.0,1.0,0.5773502691896257,0.0,,17.0,0.0,0.0,0.0,0.0,0.900022929,0.088257849,0.81176508,1878226.0,4.0,3.0,0.0,10.195271519719046,Low
Jogulamba Gadwal,TELANGANA,1,92.0,92.0,92.0,,0.0,,0.0,0.0,0.0,0.0,0.0,2.863639705,1.45893785,1.404701855,677578.0,34.0,1.0,0.0,10.137668799539624,Low
Mamit,MIZORAM,7,3.4285714285714284,17.0,1.0,5.996030432909839,0.0,,58.0,0.0,0.0,0.0,0.0,1.381857077,0.0,1.381857077,138551.0,3.0,7.0,0.0,10.112772397135728,Low
Khunti,JHARKHAND,5,2.4,4.0,2.0,1.140175425099138,0.0,,25.0,7.0,0.0,5.0,0.0,0.760830841,0.025055895,0.735774946,661665.0,2.0,3.0,2.0,10.055094618285557,Low
Bokaro,JHARKHAND,6,2.0,6.0,1.0,2.0,0.0,,49.0,5.0,0.0,14.0,0.0,1.369848729,1.347818433,0.022030296,2426002.0,2.0,12.0,1.0,10.052560471915164,Low
Nagarkurnool,TELANGANA,1,1.0,1.0,1.0,,0.0,,0.0,0.0,0.0,0.0,0.0,2.158570923,0.873611522,1.284959401,978724.0,10.0,1.0,0.0,10.02790622304353,Low
Anuppur,MADHYA PRADESH,6,8.5,14.0,9.5,4.888762624632126,0.0,,68.0,0.0,0.0,2000.0,0.0,0.69532992,0.16785608,0.52747384,902339.0,9.0,2.0,0.0,9.990783932578736,Low
Mahabubabad,TELANGANA,4,4.5,8.0,4.5,3.5118845842842465,0.0,,3.0,0.0,0.0,0.0,0.0,0.514342184,0.26668014,0.247662044,802801.0,8.0,4.0,0.0,9.98365424991606,Low
Wanaparthy,TELANGANA,1,1.0,1.0,1.0,,0.0,,0.0,0.0,0.0,0.0,0.0,5.911067913,0.984745694,4.926322219,680558.0,10.0,1.0,0.0,9.983597435827042,Low
Nirmal,TELANGANA,1,1.0,1.0,1.0,,0.0,,1.0,0.0,0.0,0.0,0.0,2.495939442,1.345821289,1.150118153,747102.0,10.0,2.0,0.0,9.97777035268932,Low
Bametara,CHHATTISGARH,0,,,,,,,,,,,,2.704068243,0.320047689,2.384020554,909116.0,2.0,3.0,0.0,9.95595548857293,Low
Mirpur,JAMMU & KASHMIR,2,14.5,22.0,14.5,10.606601717798213,0.0,,268.0,0.0,0.0,0.0,0.0,2.033481738,1.696173528,0.33730821,7110.0,8.0,29.0,0.0,9.948679414974752,Low
Pakur,JHARKHAND,2,1.5,2.0,1.5,0.7071067811865476,0.0,,15.0,0.0,0.0,0.0,0.0,3.841519374,0.015471341,3.826048033,1077497.0,6.0,1.0,0.0,9.940192955238464,Low
Nuh,HARYANA,8,4.0,14.0,2.5,4.342481186734475,0.0,,53.0,8.0,0.0,0.0,0.0,0.669910248,0.0,0.669910248,1279625.0,7.0,2.0,0.0,9.922296092954678,Low
Kalimpong,WEST BENGAL,4,6.0,14.0,4.5,5.94418483337567,0.0,,86.0,0.0,0.0,0.0,0.0,1.209230259,0.250831636,0.958398623,214033.0,6.0,12.0,0.0,9.916650213959274,Low
Lohardaga,JHARKHAND,5,2.4,4.0,2.0,1.140175425099138,0.0,,49.0,0.0,0.0,0.0,0.0,0.868753763,0.077224984,0.791528779,575951.0,2.0,7.0,0.0,9.906912664619114,Low
Suryapet,TELANGANA,1,3.0,3.0,3.0,,0.0,,0.0,0.0,0.0,0.0,0.0,1.862321095,0.526090291,1.336230804,1145777.0,11.0,1.0,0.0,9.901334243798267,Low
Kolasib,MIZORAM,6,3.8333333333333335,17.0,1.0,6.462713568360172,0.0,,58.0,0.0,0.0,0.0,0.0,1.964392845,0.380323566,1.584069279,125377.0,4.0,7.0,0.0,9.878909712173492,Low
West Jaintia Hills,MEGHALAYA,0,,,,,,,,,,,,1.733990094,0.091584225,1.642405869,372716.0,3.0,4.0,0.0,9.874314592993612,Low
Yadadri Bhuvanagiri,TELANGANA,2,1.5,2.0,1.5,0.7071067811865476,0.0,,2.0,0.0,0.0,0.0,0.0,0.630428715,0.084363209,0.546065506,769265.0,10.0,3.0,0.0,9.86087462664835,Low
Peddapalli,TELANGANA,1,1.0,1.0,1.0,,0.0,,0.0,0.0,0.0,0.0,0.0,3.699961317,1.102681823,2.597279494,919259.0,10.0,1.0,0.0,9.845408482920163,Low
Upper Dibang Valley,ARUNACHAL PRADESH,0,,,,,,,,,,,,1.084032399,0.372682252,0.711350147,10102.0,5.0,5.0,1.0,9.841545884430838,Low
Saiha,MIZORAM,0,,,,,,,,,,,,2.96841934,0.016731928,2.951687412,65651.0,4.0,7.0,0.0,9.83880428968046,Low
Mahendragarh,HARYANA,8,4.0,14.0,2.5,4.342481186734475,0.0,,53.0,8.0,0.0,0.0,0.0,0.562223928,0.000562973,0.561660955,970462.0,7.0,2.0,0.0,9.834091081145813,Low
Imphal West,MANIPUR,12,4.833333333333333,17.0,3.0,4.764133677487409,0.0,,5.0,0.0,5.0,200.0,0.0,3.366895401,0.042914083,3.323981318,589610.0,5.0,2.0,0.0,9.824765631403093,Low
Dadra & Nagar Haveli,DADRA & NAGAR HAVE,0,,,,,,,,,,,,3.614704922,0.645537217,2.969167705,618459.0,1.0,10.0,0.0,9.82021116955276,Low
Puducherry,PUDUCHERRY,0,,,,,,,,,,,,1.760373358,0.820562264,0.939811094,1148821.0,4.0,6.0,0.0,9.745259263728006,Low
Dhamtari,CHHATTISGARH,2,1.5,2.0,1.5,0.7071067811865476,0.0,,17.0,2.0,0.0,0.0,0.0,1.523869436,1.570806706,0.04693727,897907.0,1.0,13.0,1.0,9.737562775263704,Low
Siddipet,TELANGANA,3,1.6666666666666667,2.0,2.0,0.5773502691896257,0.0,,1.0,0.0,0.0,1.0,0.0,0.469975702,0.091876715,0.378098987,1102022.0,7.0,2.0,0.0,9.736998679525309,Low
Siddharthnagar,UTTAR PRADESH,19,11.263157894736842,89.0,2.0,20.184818567051707,0.0,,1780.0,12.0,0.0,4032.0,0.0,13.40492833,0.022007889,13.38292044,3367475.0,1.0,0.0,0.0,9.72399035289081,Low
Serchhip,MIZORAM,7,3.4285714285714284,17.0,1.0,5.996030432909839,0.0,,59.0,1.0,0.0,0.0,0.0,1.328475491,0.0,1.328475491,61426.0,3.0,8.0,1.0,9.723515036831328,Low
Mancherial,TELANGANA,1,1.0,1.0,1.0,,0.0,,0.0,0.0,0.0,0.0,0.0,2.37206874,1.035405769,1.336662971,750195.0,10.0,1.0,0.0,9.717544076057568,Low
Jagitial,TELANGANA,1,8.0,8.0,8.0,,0.0,,0.0,0.0,0.0,0.0,0.0,1.696878929,0.394204469,1.30267446,1063443.0,14.0,1.0,0.0,9.679544393631508,Low
East Jaintia Hills,MEGHALAYA,3,1.0,1.0,1.0,0.0,0.0,,8.0,12.0,0.0,0.0,0.0,1.649728103,0.02228155,1.627446553,150787.0,5.0,4.0,0.0,9.65998633260374,Low
Niwari,MADHYA PRADESH,4,6.75,14.0,5.5,5.251983752196243,0.0,,68.0,0.0,0.0,2000.0,0.0,2.347448333,0.208926357,2.138521976,474884.0,8.0,2.0,0.0,9.638222930912182,Low
Charki Dadri,HARYANA,8,4.0,14.0,2.5,4.342481186734475,0.0,,53.0,8.0,0.0,0.0,0.0,0.854921696,0.002355435,0.852566261,545880.0,7.0,2.0,0.0,9.619373407745462,Low
Lower Siang,ARUNACHAL PRADESH,16,4.9375,17.0,3.0,4.986231041578399,0.0,,54.0,31.0,2.0,16.0,0.0,2.214148435,0.042159747,2.171988688,19141.0,5.0,4.0,1.0,9.609839787960246,Low
Chittaurgarh,RAJASTHAN,0,,,,,,,,,,,,1.068551638,1.101782041,0.033230403,1838803.0,10.0,4.0,0.0,9.594135959660097,Low
Kohima,NAGALAND,10,5.6,31.0,2.0,9.240009620004612,0.0,,14.0,0.0,0.0,0.0,0.0,0.321623488,0.0,0.321623488,311382.0,6.0,5.0,0.0,9.5925154353088,Low
Narayanpur,CHHATTISGARH,2,2.5,3.0,2.5,0.7071067811865476,0.0,,18.0,8.0,0.0,0.0,0.0,0.591873275,0.019401894,0.572471381,120311.0,2.0,6.0,2.0,9.55376214188696,Low
Ranga Reddy,TELANGANA,10,1.8,7.0,1.0,1.9321835661585915,0.0,,1.0,0.0,0.0,2.0,0.0,0.412349188,0.327322292,0.085026896,3667925.0,4.0,1.0,0.0,9.536145532868831,Low
North East,DELHI,15,1.3333333333333333,5.0,1.0,1.0465362369445672,0.0,,18.0,42.0,0.0,25.0,0.0,1.464774777,0.0,1.464774777,1444919.0,3.0,2.0,7.0,9.525736278273992,Low
South West Khasi Hills,MEGHALAYA,5,3.0,7.0,2.0,2.5495097567963922,0.0,,48.0,0.0,0.0,0.0,0.0,1.814196952,0.045431517,1.768765435,136573.0,3.0,5.0,0.0,9.505296323813456,Low
Sangareddy,TELANGANA,8,5.5,30.0,1.0,10.113640011673063,0.0,,49.0,9.0,0.0,6733.0,0.0,1.457531752,1.462695895,0.005164143,1729145.0,7.0,6.0,1.0,9.492916177630676,Low
South East,DELHI,14,1.3571428571428572,5.0,1.0,1.0818177620697815,0.0,,18.0,39.0,0.0,25.0,0.0,0.675204493,0.045915107,0.629289386,1758195.0,3.0,2.0,4.0,9.482388752073582,Low
Tirap,ARUNACHAL PRADESH,18,4.555555555555555,17.0,1.5,4.816909214328724,0.0,,54.0,31.0,2.0,16.0,0.0,0.650808941,0.020888139,0.629920802,69112.0,5.0,4.0,1.0,9.475632710698273,Low
Korba,CHHATTISGARH,3,1.6666666666666667,3.0,1.0,1.1547005383792517,0.0,,6.0,2.0,0.0,0.0,0.0,1.961395836,1.651028381,0.310367455,1414402.0,2.0,1.0,1.0,9.450878057206763,Low
Phek,NAGALAND,2,4.0,7.0,4.0,4.242640687119285,0.0,,3.0,2.0,0.0,0.0,0.0,1.968885678,0.002356585,1.966529093,164195.0,4.0,2.0,2.0,9.433797710693456,Low
Longding,ARUNACHAL PRADESH,19,4.684210526315789,17.0,1.0,4.784844495080824,0.0,,54.0,31.0,2.0,16.0,0.0,0.638916752,0.0,0.638916752,60400.0,5.0,4.0,1.0,9.380106398863669,Low
Kamle,ARUNACHAL PRADESH,17,4.764705882352941,17.0,5.0,4.308848624701063,0.0,,39.0,31.0,0.0,16.0,0.0,2.140222737,0.304270955,1.835951782,25202.0,5.0,3.0,1.0,9.357481439682791,Low
Zunheboto,NAGALAND,2,19.0,31.0,19.0,16.97056274847714,0.0,,13.0,0.0,0.0,0.0,0.0,0.640526895,0.0,0.640526895,135618.0,19.0,4.0,0.0,9.351020631650451,Low
Pakke Kessang,ARUNACHAL PRADESH,14,4.642857142857143,17.0,3.5,4.533756175065555,0.0,,39.0,31.0,0.0,16.0,0.0,1.745384121,0.023431627,1.721952494,18414.0,5.0,3.0,1.0,9.274304467085791,Low
East Nimar,MADHYA PRADESH,7,5.0,14.0,3.0,4.320493798938574,0.0,,79.0,0.0,0.0,2000.0,0.0,1.041803014,1.03067221,0.011130804,1518478.0,7.0,4.0,0.0,9.24772357188089,Low
Baloda Bazar,CHHATTISGARH,0,,,,,,,,,,,,3.669338228,0.368934666,3.300403562,1681629.0,2.0,0.0,0.0,9.197380868666414,Low
Agar Malwa,MADHYA PRADESH,0,,,,,,,,,,,,0.53688887,0.338892414,0.197996456,702666.0,6.0,2.0,0.0,9.189893645189708,Low
Jamtara,JHARKHAND,2,1.5,2.0,1.5,0.7071067811865476,0.0,,15.0,0.0,0.0,0.0,0.0,1.614168247,0.953600878,0.660567369,923311.0,6.0,1.0,0.0,9.108846380469975,Low
Shi Yomi,ARUNACHAL PRADESH,16,4.9375,17.0,3.0,4.986231041578399,0.0,,54.0,31.0,2.0,16.0,0.0,0.730870815,0.051292052,0.679578763,12507.0,5.0,4.0,1.0,9.096398933410187,Low
Jashpur,CHHATTISGARH,1,1.0,1.0,1.0,,0.0,,5.0,0.0,0.0,0.0,0.0,0.612002702,0.04317362,0.568829082,942821.0,1.0,2.0,0.0,9.061379751377704,Low
Kiphire,NAGALAND,2,19.0,31.0,19.0,16.97056274847714,0.0,,13.0,0.0,0.0,0.0,0.0,1.066560501,0.0,1.066560501,54731.0,19.0,4.0,0.0,9.05089449050156,Low
North West,DELHI,15,1.7333333333333334,7.0,1.0,1.791514389985135,0.0,,51.0,39.0,0.0,25.0,0.0,0.1,0.0,0.1,2287355.0,3.0,2.0,4.0,8.981260027282882,Low
Simdega,JHARKHAND,2,1.5,2.0,1.5,0.7071067811865476,0.0,,15.0,0.0,0.0,0.0,0.0,1.054648305,0.125948542,0.928699763,677321.0,2.0,1.0,0.0,8.94116808234982,Low
Dhanbad,JHARKHAND,3,1.3333333333333333,2.0,1.0,0.5773502691896257,0.0,,19.0,5.0,0.0,14.0,0.0,1.331577575,1.123698027,0.207879548,3014375.0,1.0,1.0,1.0,8.927454083908186,Low
Latehar,JHARKHAND,2,1.5,2.0,1.5,0.7071067811865476,0.0,,15.0,0.0,0.0,0.0,0.0,0.573164859,0.027933586,0.545231273,974550.0,2.0,1.0,0.0,8.923637897176071,Low
Dimapur,NAGALAND,3,3.6666666666666665,7.0,3.0,3.0550504633038935,0.0,,2.0,0.0,0.0,0.0,0.0,1.720970931,0.004473913,1.716497018,510639.0,4.0,1.0,0.0,8.881072108678037,Low
Lepa Rada,ARUNACHAL PRADESH,0,,,,,,,,,,,,0.870628148,0.0,0.870628148,22468.0,5.0,3.0,1.0,8.713845097816714,Low
Kumuram Bheem Asifabad,TELANGANA,3,1.0,1.0,1.0,0.0,0.0,,3.0,0.0,0.0,0.0,0.0,1.762360552,0.6274381,1.134922452,561927.0,1.0,1.0,0.0,8.66093849709519,Low
Shahdol,MADHYA PRADESH,9,4.0,14.0,3.0,4.213074886588179,0.0,,68.0,6.0,0.0,2075.0,0.0,0.76725114,0.771098824,0.003847684,1075359.0,6.0,2.0,2.0,8.606111330127606,Low
Koriya,CHHATTISGARH,0,,,,,,,,,,,,0.581343442,0.102575658,0.478767784,763582.0,1.0,1.0,0.0,8.59284199242208,Low
Hazaribagh,JHARKHAND,15,3.2,14.0,2.0,3.3209293019532087,0.0,,135.0,12.0,0.0,32.0,0.0,0.550169328,0.473117617,0.077051711,2130620.0,1.0,1.0,1.0,8.551359145646899,Low
Saraikela-kharsawan,JHARKHAND,0,,,,,,,,,,,,1.982457722,1.685259625,0.297198097,1170854.0,2.0,1.0,0.0,8.535902648674234,Low
Chandigarh,CHANDIGARH,6,4.166666666666667,14.0,1.0,5.382068994974579,0.0,,4.0,0.0,0.0,0.0,0.0,0.001739235,0.000745464,0.000993771,897511.0,2.0,17.0,13.0,8.444719669556333,Low
Churachandpur,MANIPUR,4,7.0,17.0,5.0,7.118052168020875,0.0,,0.0,0.0,0.0,0.0,0.0,1.167264968,0.2279733,0.939291668,257051.0,7.0,0.0,0.0,8.413451680279724,Low
Senapati,MANIPUR,4,7.0,17.0,5.0,7.118052168020875,0.0,,0.0,0.0,0.0,0.0,0.0,0.710207411,0.0,0.710207411,459428.0,7.0,0.0,0.0,8.399273632440867,Low
Kabeerdham,CHHATTISGARH,2,1.5,2.0,1.5,0.7071067811865476,0.0,,0.0,0.0,0.0,0.0,0.0,0.818669924,0.253989706,0.564680218,1131600.0,2.0,0.0,0.0,8.3867421635168,Low
Mon,NAGALAND,1,7.0,7.0,7.0,,0.0,,1.0,0.0,0.0,0.0,0.0,2.746283665,0.00464644,2.741637225,228717.0,7.0,0.0,0.0,8.374345913494796,Low
South Andaman,ANDAMAN & NICOBAR,0,,,,,,,,,,,,1.443452407,0.0,1.443452407,257900.0,2.0,1.0,0.0,8.360463034157858,Low
Jangoan,TELANGANA,1,8.0,8.0,8.0,,0.0,,0.0,0.0,0.0,0.0,0.0,0.433243486,0.315476097,0.117767389,609289.0,14.0,1.0,0.0,8.296947751656099,Low
Umaria,MADHYA PRADESH,8,6.625,14.0,5.5,5.3967582862307255,0.0,,69.0,0.0,0.0,2002.0,0.0,0.907342834,0.911756287,0.004413453,849658.0,7.0,3.0,0.0,8.24755174208456,Low
Shahdara,DELHI,14,1.3571428571428572,5.0,1.0,1.0818177620697815,0.0,,18.0,39.0,0.0,25.0,0.0,0.1,0.0,0.1,1645700.0,3.0,2.0,4.0,8.206277741519726,Low
Pherzawl,MANIPUR,4,7.0,17.0,5.0,7.118052168020875,0.0,,0.0,0.0,0.0,0.0,0.0,2.387954764,0.021159458,2.366795306,54252.0,7.0,0.0,0.0,8.073969241981777,Low
Ukhrul,MANIPUR,4,7.0,17.0,5.0,7.118052168020875,0.0,,0.0,0.0,0.0,0.0,0.0,0.669906789,0.0,0.669906789,178796.0,7.0,0.0,0.0,8.053628266155952,Low
Kangpokpi,MANIPUR,4,7.0,17.0,5.0,7.118052168020875,0.0,,0.0,0.0,0.0,0.0,0.0,0.701396511,0.166897675,0.534498836,268532.0,7.0,0.0,0.0,8.00393638306531,Low
Kakching,MANIPUR,4,7.0,17.0,5.0,7.118052168020875,0.0,,0.0,0.0,0.0,0.0,0.0,3.624802358,0.104413907,3.520388451,180789.0,7.0,0.0,0.0,7.928141727053354,Low
Peren,NAGALAND,3,3.6666666666666665,7.0,3.0,3.0550504633038935,0.0,,2.0,0.0,0.0,0.0,0.0,0.587829484,0.001342531,0.586486953,96231.0,4.0,1.0,0.0,7.912089199797859,Low
Sukma,CHHATTISGARH,1,1.0,1.0,1.0,,0.0,,0.0,0.0,0.0,0.0,0.0,1.578192343,0.11146237,1.466729973,259382.0,1.0,0.0,0.0,7.909024380663381,Low
Chandel,MANIPUR,4,7.0,17.0,5.0,7.118052168020875,0.0,,0.0,0.0,0.0,0.0,0.0,0.632996,0.002124825,0.630871175,125173.0,7.0,0.0,0.0,7.865775829637234,Low
Jhargram,WEST BENGAL,0,,,,,,,,,,,,1.847517048,0.072751655,1.774765393,1247343.0,,0.0,0.0,7.851960065827975,Low
Wokha,NAGALAND,2,4.0,7.0,4.0,4.242640687119285,0.0,,1.0,0.0,0.0,0.0,0.0,2.044958036,0.491956258,1.553001778,164833.0,4.0,0.0,0.0,7.815000444608371,Low
Surajpur,CHHATTISGARH,0,,,,,,,,,,,,1.420793586,0.200734056,1.22005953,917283.0,,0.0,0.0,7.792234030913422,Low
Sahibzada Ajit Singh Nag*,PUNJAB,0,,,,,,,,,,,,0.112972873,0.010724633,0.10224824,1662669.0,10.0,0.0,0.0,7.786181657360266,Low
Mokokchung,NAGALAND,1,7.0,7.0,7.0,,0.0,,1.0,0.0,0.0,0.0,0.0,1.200974196,0.0,1.200974196,168849.0,7.0,0.0,0.0,7.757549146183988,Low
Jiribam,MANIPUR,5,6.6,17.0,5.0,6.228964600958975,0.0,,0.0,0.0,0.0,0.0,0.0,5.343630309,0.111022838,5.232607471,56027.0,7.0,0.0,0.0,7.702555124846091,Low
Tuensang,NAGALAND,1,7.0,7.0,7.0,,0.0,,1.0,0.0,0.0,0.0,0.0,0.650005813,0.0,0.650005813,197958.0,7.0,0.0,0.0,7.690746667159076,Low
South,DELHI,14,1.3571428571428572,5.0,1.0,1.0818177620697815,0.0,,18.0,39.0,0.0,25.0,0.0,0.006747594,0.0,0.006747594,1636592.0,3.0,2.0,4.0,7.686692945997747,Low
Kondagaon,CHHATTISGARH,0,,,,,,,,,,,,1.123981488,0.045498909,1.078482579,656011.0,,0.0,0.0,7.560307969081454,Low
Tirunelveli,TAMIL NADU,20,6.85,16.0,6.5,5.0081512504484555,0.0,,868.0,156.0,0.0,3164.0,0.0,0.61478851,0.622191008,0.007402498,1871307.0,1.0,3.0,0.0,7.541970999898446,Low
East Kameng,ARUNACHAL PRADESH,22,4.909090909090909,17.0,2.5,4.98482545817653,0.0,,82.0,31.0,2.0,16.0,0.0,1.388336152,0.061410827,1.326925325,87734.0,2.0,0.0,0.0,7.516648699454786,Low
Kamjong,MANIPUR,4,7.0,17.0,5.0,7.118052168020875,0.0,,0.0,0.0,0.0,0.0,0.0,0.610853038,0.129302233,0.481550805,61519.0,7.0,0.0,0.0,7.479566995010197,Low
North & Middle Andaman,ANDAMAN & NICOBAR,0,,,,,,,,,,,,1.3148171,0.0,1.3148171,101677.0,1.0,0.0,0.0,7.46257473986789,Low
Tengnoupal,MANIPUR,4,7.0,17.0,5.0,7.118052168020875,0.0,,0.0,0.0,0.0,0.0,0.0,0.539127806,0.0,0.539127806,75461.0,7.0,0.0,0.0,7.310092891311484,Low
Gariaband,CHHATTISGARH,0,,,,,,,,,,,,0.872452961,0.366717302,0.505735659,777859.0,,0.0,0.0,7.285327069503,Low
Dakshin Bastar Dantewada,CHHATTISGARH,2,1.0,1.0,1.0,0.0,0.0,,24.0,0.0,0.0,42.0,0.0,1.73160173,0.05840241,1.67319932,332104.0,,0.0,0.0,7.263513106542463,Low
Almora,UTTARAKHAND,12,2.5,14.0,1.0,3.729489363048366,0.0,,157.0,17.0,6.0,77.0,0.0,0.649027255,0.000454012,0.648573243,618943.0,,0.0,0.0,7.102979287602845,Low
Karaikal,PUDUCHERRY,1,7.0,7.0,7.0,,0.0,,0.0,0.0,0.0,0.0,0.0,1.148059852,1.327174677,0.179114825,220595.0,5.0,2.0,0.0,7.016885974680272,Low
Longleng,NAGALAND,1,7.0,7.0,7.0,,0.0,,1.0,0.0,0.0,0.0,0.0,2.847941427,0.010400483,2.837540944,30296.0,7.0,0.0,0.0,6.923534921461172,Low
Balod,CHHATTISGARH,1,3.0,3.0,3.0,,0.0,,0.0,0.0,0.0,0.0,0.0,0.692282824,0.717205888,0.024923064,961306.0,3.0,0.0,0.0,6.814171814275378,Low
Rajanna Sircilla,TELANGANA,2,3.5,6.0,3.5,3.5355339059327378,0.0,,0.0,0.0,0.0,0.0,0.0,0.563623248,0.564767428,0.00114418,587140.0,9.0,1.0,0.0,6.28564759560078,Low
Kodarma,JHARKHAND,0,,,,,,,,,,,,0.4952359,0.493650006,0.001585894,894355.0,2.0,1.0,0.0,5.936974084070552,Low
Yanam,PUDUCHERRY,1,7.0,7.0,7.0,,0.0,,0.0,0.0,0.0,0.0,0.0,32.6562,29.67097127,2.98522873,47877.0,7.0,0.0,0.0,5.860381611156025,Low
Bishnupur,MANIPUR,6,6.0,17.0,5.0,6.0332412515993425,0.0,,3.0,0.0,0.0,0.0,0.0,3.487839839,3.486841412,0.000998427,299943.0,6.0,1.0,0.0,5.479314363347237,Low
Daman,DAMAN & DIU,0,,,,,,,,,,,,2.853534384,1.308995942,1.544538442,190125.0,,0.0,0.0,5.2337505446842085,Low
Lakshadweep,LAKSHADWEEP,0,,,,,,,,,,,,17.42627711,13.42627711,4.0,60324.0,,0.0,0.0,4.858476899467763,Low
Nicobars,ANDAMAN & NICOBAR,0,,,,,,,,,,,,0.090612489,0.0,0.090612489,27340.0,,0.0,0.0,4.664727108280096,Low
Diu,DAMAN & DIU,0,,,,,,,,,,,,5.79981831,4.979981831,0.819836479,67412.0,,0.0,0.0,4.269141538160504,Low
Mahe,PUDUCHERRY,1,7.0,7.0,7.0,,0.0,,0.0,0.0,0.0,0.0,0.0,1.6545,1.410606801,0.243893199,50846.0,7.0,0.0,0.0,4.244484579746598,Low
East,DELHI,14,1.3571428571428572,5.0,1.0,1.0818177620697815,0.0,,18.0,39.0,0.0,25.0,0.0,0.1,0.0,0.1,1368632.0,,0.0,0.0,,
